t=2026-08-23T10:22:00+0530 lvl=info msg="no configuration paths supplied"
t=2026-08-23T10:22:00+0530 lvl=info msg="using configuration at default config path" path="/Users/muhammadnihadot/Library/Application Support/ngrok/ngrok.yml"
t=2026-08-23T10:22:00+0530 lvl=info msg="open config file" path="/Users/muhammadnihadot/Library/Application Support/ngrok/ngrok.yml" err=nil
t=2026-08-23T10:22:00+0530 lvl=info msg="FIPS 140 mode" enabled=false
t=2026-08-23T10:22:00+0530 lvl=warn msg="can't bind default web address, trying alternatives" obj=web addr=127.0.0.1:4040
t=2026-08-23T10:22:00+0530 lvl=info msg="starting web service" obj=web addr=127.0.0.1:4041 allow_hosts=[]
t=2026-08-23T10:22:01+0530 lvl=info msg="client session established" obj=tunnels.session
t=2026-08-23T10:22:01+0530 lvl=info msg="tunnel session started" obj=tunnels.session
t=2026-08-23T10:22:01+0530 lvl=info msg="started tunnel" obj=tunnels name=command_line addr=http://localhost:3000 url=https://652f-2409-40f3-1433-4085-f836-e3d7-b043-87f2.ngrok-free.app
t=2026-08-23T10:22:02+0530 lvl=info msg="update available" obj=updater
t=2026-08-23T10:22:52+0530 lvl=info msg="join connections" obj=join id=e1a080603f56 l=[::1]:3000 r=[2409:40f3:1433:4085:f836:e3d7:b043:87f2]:51984
t=2026-08-23T10:23:22+0530 lvl=info msg="join connections" obj=join id=d7a74c297404 l=[::1]:3000 r=[2409:40f3:1433:4085:f836:e3d7:b043:87f2]:52016
t=2026-08-23T10:23:23+0530 lvl=info msg="join connections" obj=join id=5a29a49ba93b l=[::1]:3000 r=[2409:40f3:1433:4085:f836:e3d7:b043:87f2]:52016
t=2026-08-23T10:23:23+0530 lvl=info msg="join connections" obj=join id=6a3ca79a88fd l=[::1]:3000 r=[2409:40f3:1433:4085:f836:e3d7:b043:87f2]:52016
t=2026-08-23T10:23:23+0530 lvl=info msg="join connections" obj=join id=4330f69a81a1 l=[::1]:3000 r=[2409:40f3:1433:4085:f836:e3d7:b043:87f2]:52016
t=2026-08-23T10:23:23+0530 lvl=info msg="join connections" obj=join id=71a23233fc29 l=[::1]:3000 r=[2409:40f3:1433:4085:f836:e3d7:b043:87f2]:52016
t=2026-08-23T10:23:23+0530 lvl=info msg="join connections" obj=join id=a26046f14fb3 l=[::1]:3000 r=[2409:40f3:1433:4085:f836:e3d7:b043:87f2]:52016
t=2026-08-23T10:23:23+0530 lvl=info msg="join connections" obj=join id=b2b6e0d602b1 l=[::1]:3000 r=[2409:40f3:1433:4085:f836:e3d7:b043:87f2]:52016
t=2026-08-23T10:23:23+0530 lvl=info msg="join connections" obj=join id=b7b27e9fa6df l=[::1]:3000 r=[2409:40f3:1433:4085:f836:e3d7:b043:87f2]:52016
t=2026-08-23T10:23:23+0530 lvl=info msg="join connections" obj=join id=6d29aa18a9c4 l=[::1]:3000 r=[2409:40f3:1433:4085:f836:e3d7:b043:87f2]:52016
t=2026-08-23T10:23:23+0530 lvl=info msg="join connections" obj=join id=88229e90a4cd l=[::1]:3000 r=[2409:40f3:1433:4085:f836:e3d7:b043:87f2]:52016
t=2026-08-23T10:23:23+0530 lvl=info msg="join connections" obj=join id=ce1519a6f5dd l=[::1]:3000 r=[2409:40f3:1433:4085:f836:e3d7:b043:87f2]:52016
t=2026-08-23T10:23:23+0530 lvl=info msg="join connections" obj=join id=9cca32aa83ba l=[::1]:3000 r=[2409:40f3:1433:4085:f836:e3d7:b043:87f2]:52016
t=2026-08-23T10:23:23+0530 lvl=info msg="join connections" obj=join id=5a3f4a6d37ad l=[::1]:3000 r=[2409:40f3:1433:4085:f836:e3d7:b043:87f2]:52016
t=2026-08-23T10:23:23+0530 lvl=info msg="join connections" obj=join id=3d35e65c864e l=[::1]:3000 r=[2409:40f3:1433:4085:f836:e3d7:b043:87f2]:52016
t=2026-08-23T10:23:23+0530 lvl=info msg="join connections" obj=join id=04694b3c3fc1 l=[::1]:3000 r=[2409:40f3:1433:4085:f836:e3d7:b043:87f2]:52016
t=2026-08-23T10:23:23+0530 lvl=info msg="join connections" obj=join id=d667d3f89302 l=[::1]:3000 r=[2409:40f3:1433:4085:f836:e3d7:b043:87f2]:52016
t=2026-08-23T10:23:23+0530 lvl=info msg="join connections" obj=join id=e77f433c71b6 l=[::1]:3000 r=[2409:40f3:1433:4085:f836:e3d7:b043:87f2]:52016
t=2026-08-23T10:23:23+0530 lvl=info msg="join connections" obj=join id=8fd2c1dd9aaa l=[::1]:3000 r=[2409:40f3:1433:4085:f836:e3d7:b043:87f2]:52016
t=2026-08-23T10:23:23+0530 lvl=info msg="join connections" obj=join id=e3525c025d17 l=[::1]:3000 r=[2409:40f3:1433:4085:f836:e3d7:b043:87f2]:52016
t=2026-08-23T10:23:23+0530 lvl=info msg="join connections" obj=join id=d9dbe6d6d54d l=[::1]:3000 r=[2409:40f3:1433:4085:f836:e3d7:b043:87f2]:52016
t=2026-08-23T10:23:23+0530 lvl=info msg="join connections" obj=join id=97cf4c3aa88c l=[::1]:3000 r=[2409:40f3:1433:4085:f836:e3d7:b043:87f2]:52016
t=2026-08-23T10:23:23+0530 lvl=info msg="join connections" obj=join id=329f6167895c l=[::1]:3000 r=[2409:40f3:1433:4085:f836:e3d7:b043:87f2]:52016
t=2026-08-23T10:23:23+0530 lvl=info msg="join connections" obj=join id=4b8c5164ce8d l=[::1]:3000 r=[2409:40f3:1433:4085:f836:e3d7:b043:87f2]:52016
t=2026-08-23T10:23:23+0530 lvl=info msg="join connections" obj=join id=4ec02208affb l=[::1]:3000 r=[2409:40f3:1433:4085:f836:e3d7:b043:87f2]:52016
t=2026-08-23T10:23:23+0530 lvl=info msg="join connections" obj=join id=3786b6cf5218 l=[::1]:3000 r=[2409:40f3:1433:4085:f836:e3d7:b043:87f2]:52016
t=2026-08-23T10:23:23+0530 lvl=info msg="join connections" obj=join id=838225c9ce4d l=[::1]:3000 r=[2409:40f3:1433:4085:f836:e3d7:b043:87f2]:52016
t=2026-08-23T10:23:23+0530 lvl=info msg="join connections" obj=join id=a133022c9770 l=[::1]:3000 r=[2409:40f3:1433:4085:f836:e3d7:b043:87f2]:52016
t=2026-08-23T10:23:23+0530 lvl=info msg="join connections" obj=join id=b36c70d8b4a2 l=[::1]:3000 r=[2409:40f3:1433:4085:f836:e3d7:b043:87f2]:52016
t=2026-08-23T10:23:23+0530 lvl=info msg="join connections" obj=join id=33ebce09b47b l=[::1]:3000 r=[2409:40f3:1433:4085:f836:e3d7:b043:87f2]:52016
t=2026-08-23T10:23:23+0530 lvl=info msg="join connections" obj=join id=81bf497e75bf l=[::1]:3000 r=[2409:40f3:1433:4085:f836:e3d7:b043:87f2]:52016
t=2026-08-23T10:23:23+0530 lvl=info msg="join connections" obj=join id=c1505eca9073 l=[::1]:3000 r=[2409:40f3:1433:4085:f836:e3d7:b043:87f2]:52016
t=2026-08-23T10:23:23+0530 lvl=info msg="join connections" obj=join id=cf85b1d27086 l=[::1]:3000 r=[2409:40f3:1433:4085:f836:e3d7:b043:87f2]:52016
t=2026-08-23T10:23:23+0530 lvl=info msg="join connections" obj=join id=1abf9b6ed4b5 l=[::1]:3000 r=[2409:40f3:1433:4085:f836:e3d7:b043:87f2]:52016
t=2026-08-23T10:23:23+0530 lvl=info msg="join connections" obj=join id=269f8e84ade8 l=[::1]:3000 r=[2409:40f3:1433:4085:f836:e3d7:b043:87f2]:52016
t=2026-08-23T10:23:23+0530 lvl=info msg="join connections" obj=join id=50538556db0c l=[::1]:3000 r=[2409:40f3:1433:4085:f836:e3d7:b043:87f2]:52016
t=2026-08-23T10:23:23+0530 lvl=info msg="join connections" obj=join id=a2faa1e006d4 l=[::1]:3000 r=[2409:40f3:1433:4085:f836:e3d7:b043:87f2]:52016
t=2026-08-23T10:23:23+0530 lvl=info msg="join connections" obj=join id=502e62efb103 l=[::1]:3000 r=[2409:40f3:1433:4085:f836:e3d7:b043:87f2]:52016
t=2026-08-23T10:23:23+0530 lvl=info msg="join connections" obj=join id=c9d3ea195035 l=[::1]:3000 r=[2409:40f3:1433:4085:f836:e3d7:b043:87f2]:52016
t=2026-08-23T10:23:23+0530 lvl=info msg="join connections" obj=join id=0e3e020853bb l=[::1]:3000 r=[2409:40f3:1433:4085:f836:e3d7:b043:87f2]:52016
t=2026-08-23T10:23:23+0530 lvl=info msg="join connections" obj=join id=a87215286d5b l=[::1]:3000 r=[2409:40f3:1433:4085:f836:e3d7:b043:87f2]:52016
t=2026-08-23T10:23:23+0530 lvl=info msg="join connections" obj=join id=871c89ef4103 l=[::1]:3000 r=[2409:40f3:1433:4085:f836:e3d7:b043:87f2]:52016
t=2026-08-23T10:23:24+0530 lvl=info msg="join connections" obj=join id=7bf6cc31c6f7 l=[::1]:3000 r=[2409:40f3:1433:4085:f836:e3d7:b043:87f2]:52067
t=2026-08-23T10:23:24+0530 lvl=info msg="join connections" obj=join id=8222a176f128 l=[::1]:3000 r=[2409:40f3:1433:4085:f836:e3d7:b043:87f2]:52067
t=2026-08-23T10:23:24+0530 lvl=info msg="join connections" obj=join id=151777ce4dc4 l=[::1]:3000 r=[2409:40f3:1433:4085:f836:e3d7:b043:87f2]:52067
t=2026-08-23T10:23:24+0530 lvl=info msg="join connections" obj=join id=2d05eed65772 l=[::1]:3000 r=[2409:40f3:1433:4085:f836:e3d7:b043:87f2]:52067
t=2026-08-23T10:23:24+0530 lvl=info msg="join connections" obj=join id=18f8522aec12 l=[::1]:3000 r=[2409:40f3:1433:4085:f836:e3d7:b043:87f2]:52067
t=2026-08-23T10:23:24+0530 lvl=info msg="join connections" obj=join id=82aae1606e70 l=[::1]:3000 r=[2409:40f3:1433:4085:f836:e3d7:b043:87f2]:52067
t=2026-08-23T10:23:24+0530 lvl=info msg="join connections" obj=join id=f4ded2e6c077 l=[::1]:3000 r=[2409:40f3:1433:4085:f836:e3d7:b043:87f2]:52067
t=2026-08-23T10:23:25+0530 lvl=info msg="join connections" obj=join id=965eb9f91d2e l=[::1]:3000 r=[2409:40f3:1433:4085:f836:e3d7:b043:87f2]:52067
t=2026-08-23T10:23:26+0530 lvl=info msg="join connections" obj=join id=6099af67eb9e l=[::1]:3000 r=[2409:40f3:1433:4085:f836:e3d7:b043:87f2]:52067
t=2026-08-23T10:23:31+0530 lvl=info msg="join connections" obj=join id=1d9305648132 l=[::1]:3000 r=[2409:40f3:1433:4085:f836:e3d7:b043:87f2]:52016
t=2026-08-23T10:23:32+0530 lvl=info msg="join connections" obj=join id=7d2a9e0777e9 l=[::1]:3000 r=[2409:40f3:1433:4085:f836:e3d7:b043:87f2]:52081
t=2026-08-23T10:23:34+0530 lvl=info msg="join connections" obj=join id=eefab77091f1 l=[::1]:3000 r=[2409:40f3:1433:4085:f836:e3d7:b043:87f2]:52085
t=2026-08-23T10:23:34+0530 lvl=info msg="join connections" obj=join id=069471aede20 l=[::1]:3000 r=[2409:40f3:1433:4085:2da8:953e:f570:f5d2]:59772
t=2026-08-23T10:23:35+0530 lvl=info msg="join connections" obj=join id=061b9e3fde24 l=[::1]:3000 r=[2409:40f3:1433:4085:2da8:953e:f570:f5d2]:59772
t=2026-08-23T10:23:35+0530 lvl=info msg="join connections" obj=join id=54191959d33f l=[::1]:3000 r=[2409:40f3:1433:4085:2da8:953e:f570:f5d2]:59772
t=2026-08-23T10:23:35+0530 lvl=info msg="join connections" obj=join id=bedc77ec8766 l=[::1]:3000 r=[2409:40f3:1433:4085:2da8:953e:f570:f5d2]:59772
t=2026-08-23T10:23:35+0530 lvl=info msg="join connections" obj=join id=b75855386a18 l=[::1]:3000 r=[2409:40f3:1433:4085:2da8:953e:f570:f5d2]:59772
t=2026-08-23T10:23:35+0530 lvl=info msg="join connections" obj=join id=2a0d1290e0bd l=[::1]:3000 r=[2409:40f3:1433:4085:2da8:953e:f570:f5d2]:59772
t=2026-08-23T10:23:35+0530 lvl=info msg="join connections" obj=join id=54732e32cf7e l=[::1]:3000 r=[2409:40f3:1433:4085:2da8:953e:f570:f5d2]:59772
t=2026-08-23T10:23:35+0530 lvl=info msg="join connections" obj=join id=6b9534b3570d l=[::1]:3000 r=[2409:40f3:1433:4085:2da8:953e:f570:f5d2]:59772
t=2026-08-23T10:23:35+0530 lvl=info msg="join connections" obj=join id=8a8917eca94e l=[::1]:3000 r=[2409:40f3:1433:4085:2da8:953e:f570:f5d2]:59772
t=2026-08-23T10:23:35+0530 lvl=info msg="join connections" obj=join id=c3467e2fd804 l=[::1]:3000 r=[2409:40f3:1433:4085:2da8:953e:f570:f5d2]:59772
t=2026-08-23T10:23:35+0530 lvl=info msg="join connections" obj=join id=b197dd88e8f2 l=[::1]:3000 r=[2409:40f3:1433:4085:2da8:953e:f570:f5d2]:59772
t=2026-08-23T10:23:35+0530 lvl=info msg="join connections" obj=join id=dcd564730aa0 l=[::1]:3000 r=[2409:40f3:1433:4085:2da8:953e:f570:f5d2]:59772
t=2026-08-23T10:23:35+0530 lvl=info msg="join connections" obj=join id=0b94bcc2e773 l=[::1]:3000 r=[2409:40f3:1433:4085:2da8:953e:f570:f5d2]:59772
t=2026-08-23T10:23:35+0530 lvl=info msg="join connections" obj=join id=d1f3d6b64b1f l=[::1]:3000 r=[2409:40f3:1433:4085:2da8:953e:f570:f5d2]:59772
t=2026-08-23T10:23:35+0530 lvl=info msg="join connections" obj=join id=f46ee9580b78 l=[::1]:3000 r=[2409:40f3:1433:4085:2da8:953e:f570:f5d2]:59772
t=2026-08-23T10:23:35+0530 lvl=info msg="join connections" obj=join id=c1664382d67e l=[::1]:3000 r=[2409:40f3:1433:4085:2da8:953e:f570:f5d2]:59772
t=2026-08-23T10:23:35+0530 lvl=info msg="join connections" obj=join id=25b0142dc2d5 l=[::1]:3000 r=[2409:40f3:1433:4085:2da8:953e:f570:f5d2]:59772
t=2026-08-23T10:23:35+0530 lvl=info msg="join connections" obj=join id=2da1bbfbfaae l=[::1]:3000 r=[2409:40f3:1433:4085:2da8:953e:f570:f5d2]:59772
t=2026-08-23T10:23:35+0530 lvl=info msg="join connections" obj=join id=6086db53a321 l=[::1]:3000 r=[2409:40f3:1433:4085:2da8:953e:f570:f5d2]:59772
t=2026-08-23T10:23:35+0530 lvl=info msg="join connections" obj=join id=03daa0f3c754 l=[::1]:3000 r=[2409:40f3:1433:4085:2da8:953e:f570:f5d2]:59772
t=2026-08-23T10:23:35+0530 lvl=info msg="join connections" obj=join id=5cf254763269 l=[::1]:3000 r=[2409:40f3:1433:4085:2da8:953e:f570:f5d2]:59772
t=2026-08-23T10:23:35+0530 lvl=info msg="join connections" obj=join id=2b23622e5e37 l=[::1]:3000 r=[2409:40f3:1433:4085:2da8:953e:f570:f5d2]:59772
t=2026-08-23T10:23:35+0530 lvl=info msg="join connections" obj=join id=c960caf5abac l=[::1]:3000 r=[2409:40f3:1433:4085:2da8:953e:f570:f5d2]:59772
t=2026-08-23T10:23:35+0530 lvl=info msg="join connections" obj=join id=ec5d35832123 l=[::1]:3000 r=[2409:40f3:1433:4085:2da8:953e:f570:f5d2]:59772
t=2026-08-23T10:23:35+0530 lvl=info msg="join connections" obj=join id=906eae04ced9 l=[::1]:3000 r=[2409:40f3:1433:4085:2da8:953e:f570:f5d2]:59772
t=2026-08-23T10:23:35+0530 lvl=info msg="join connections" obj=join id=5a4647b0f676 l=[::1]:3000 r=[2409:40f3:1433:4085:2da8:953e:f570:f5d2]:59772
t=2026-08-23T10:23:36+0530 lvl=info msg="join connections" obj=join id=df0baf915e8f l=[::1]:3000 r=[2409:40f3:1433:4085:2da8:953e:f570:f5d2]:59772
t=2026-08-23T10:23:36+0530 lvl=info msg="join connections" obj=join id=f5608205bedd l=[::1]:3000 r=[2409:40f3:1433:4085:f836:e3d7:b043:87f2]:52113
t=2026-08-23T10:23:36+0530 lvl=info msg="join connections" obj=join id=13b2a44c73ff l=[::1]:3000 r=[2409:40f3:1433:4085:2da8:953e:f570:f5d2]:59775
t=2026-08-23T10:23:36+0530 lvl=info msg="join connections" obj=join id=63594cc66b21 l=[::1]:3000 r=[2409:40f3:1433:4085:2da8:953e:f570:f5d2]:59772
t=2026-08-23T10:23:36+0530 lvl=info msg="join connections" obj=join id=bb1e80dfce7b l=[::1]:3000 r=[2409:40f3:1433:4085:2da8:953e:f570:f5d2]:59772
t=2026-08-23T10:23:36+0530 lvl=info msg="join connections" obj=join id=912ad0389da7 l=[::1]:3000 r=[2409:40f3:1433:4085:2da8:953e:f570:f5d2]:59772
t=2026-08-23T10:23:36+0530 lvl=info msg="join connections" obj=join id=d9f541a98efd l=[::1]:3000 r=[2409:40f3:1433:4085:2da8:953e:f570:f5d2]:59772
t=2026-08-23T10:23:36+0530 lvl=info msg="join connections" obj=join id=dc7008eb8157 l=[::1]:3000 r=[2409:40f3:1433:4085:2da8:953e:f570:f5d2]:59772
t=2026-08-23T10:23:36+0530 lvl=info msg="join connections" obj=join id=86a229df366b l=[::1]:3000 r=[2409:40f3:1433:4085:2da8:953e:f570:f5d2]:59772
t=2026-08-23T10:23:36+0530 lvl=info msg="join connections" obj=join id=c2f3b577bcaf l=[::1]:3000 r=[2409:40f3:1433:4085:2da8:953e:f570:f5d2]:59772
t=2026-08-23T10:23:36+0530 lvl=info msg="join connections" obj=join id=1c2d92ca5426 l=[::1]:3000 r=[2409:40f3:1433:4085:2da8:953e:f570:f5d2]:59772
t=2026-08-23T10:23:36+0530 lvl=info msg="join connections" obj=join id=0d5eee8137a1 l=[::1]:3000 r=[2409:40f3:1433:4085:2da8:953e:f570:f5d2]:59772
t=2026-08-23T10:23:36+0530 lvl=info msg="join connections" obj=join id=d3202cc12cb8 l=[::1]:3000 r=[2409:40f3:1433:4085:2da8:953e:f570:f5d2]:59772
t=2026-08-23T10:23:36+0530 lvl=info msg="join connections" obj=join id=006dc74a41b4 l=[::1]:3000 r=[2409:40f3:1433:4085:2da8:953e:f570:f5d2]:59772
t=2026-08-23T10:23:41+0530 lvl=info msg="join connections" obj=join id=491b8a940e8e l=[::1]:3000 r=[2409:40f3:1433:4085:f836:e3d7:b043:87f2]:52129
t=2026-08-23T10:23:41+0530 lvl=info msg="join connections" obj=join id=7a4432c3c3a1 l=[::1]:3000 r=[2409:40f3:1433:4085:2da8:953e:f570:f5d2]:59778
t=2026-08-23T10:23:44+0530 lvl=info msg="join connections" obj=join id=ad80702e662f l=[::1]:3000 r=[2409:40f3:1433:4085:f836:e3d7:b043:87f2]:52133
t=2026-08-23T10:23:44+0530 lvl=info msg="join connections" obj=join id=e12da45b9070 l=[::1]:3000 r=[2409:40f3:1433:4085:2da8:953e:f570:f5d2]:59782
t=2026-08-23T10:23:45+0530 lvl=info msg="join connections" obj=join id=839c061d19c9 l=[::1]:3000 r=[2409:40f3:1433:4085:2da8:953e:f570:f5d2]:59784
t=2026-08-23T10:23:46+0530 lvl=info msg="join connections" obj=join id=00a6c98e2bd0 l=[::1]:3000 r=[2409:40f3:1433:4085:f836:e3d7:b043:87f2]:52138
t=2026-08-23T10:23:47+0530 lvl=info msg="join connections" obj=join id=5dc3520b99ae l=[::1]:3000 r=[2409:40f3:1433:4085:2da8:953e:f570:f5d2]:59786
t=2026-08-23T10:23:48+0530 lvl=info msg="join connections" obj=join id=14f124c91075 l=[::1]:3000 r=[2409:40f3:1433:4085:2da8:953e:f570:f5d2]:59788
t=2026-08-23T10:23:52+0530 lvl=info msg="join connections" obj=join id=e8597108a28f l=[::1]:3000 r=[2409:40f3:1433:4085:f836:e3d7:b043:87f2]:52143
t=2026-08-23T10:23:54+0530 lvl=info msg="join connections" obj=join id=a99446461afc l=[::1]:3000 r=[2409:40f3:1433:4085:2da8:953e:f570:f5d2]:59790
t=2026-08-23T10:23:58+0530 lvl=info msg="join connections" obj=join id=8b52dd4735e3 l=[::1]:3000 r=[2409:40f3:1433:4085:f836:e3d7:b043:87f2]:52146
t=2026-08-23T10:23:59+0530 lvl=info msg="join connections" obj=join id=bc7fab5bf2aa l=[::1]:3000 r=[2409:40f3:1433:4085:2da8:953e:f570:f5d2]:59792
t=2026-08-23T10:24:05+0530 lvl=info msg="join connections" obj=join id=57fb4acccc8c l=[::1]:3000 r=[2409:40f3:1433:4085:f836:e3d7:b043:87f2]:52150
t=2026-08-23T10:24:05+0530 lvl=info msg="join connections" obj=join id=20fdfd62917a l=[::1]:3000 r=[2409:40f3:1433:4085:2da8:953e:f570:f5d2]:59794
t=2026-08-23T10:24:11+0530 lvl=info msg="join connections" obj=join id=9b8225e2c19e l=[::1]:3000 r=[2409:40f3:1433:4085:2da8:953e:f570:f5d2]:59797
t=2026-08-23T10:24:11+0530 lvl=info msg="join connections" obj=join id=e8b4eb53bce7 l=[::1]:3000 r=[2409:40f3:1433:4085:f836:e3d7:b043:87f2]:52155
t=2026-08-23T10:24:16+0530 lvl=info msg="join connections" obj=join id=640a1132e7fd l=[::1]:3000 r=[2409:40f3:1433:4085:2da8:953e:f570:f5d2]:59799
t=2026-08-23T10:24:17+0530 lvl=info msg="join connections" obj=join id=1b39013994eb l=[::1]:3000 r=[2409:40f3:1433:4085:f836:e3d7:b043:87f2]:52158
t=2026-08-23T10:24:21+0530 lvl=info msg="join connections" obj=join id=21a92d00e692 l=[::1]:3000 r=[2409:40f3:1433:4085:2da8:953e:f570:f5d2]:59801
t=2026-08-23T10:24:23+0530 lvl=info msg="join connections" obj=join id=b5bb2e7ba083 l=[::1]:3000 r=[2409:40f3:1433:4085:f836:e3d7:b043:87f2]:52161
t=2026-08-23T10:24:27+0530 lvl=info msg="join connections" obj=join id=f26bc61354a3 l=[::1]:3000 r=[2409:40f3:1433:4085:2da8:953e:f570:f5d2]:59803
t=2026-08-23T10:24:27+0530 lvl=info msg="join connections" obj=join id=e1ef6d3ffa69 l=[::1]:3000 r=[2409:40f3:1433:4085:2da8:953e:f570:f5d2]:59772
t=2026-08-23T10:24:27+0530 lvl=info msg="join connections" obj=join id=6740a7bea8ec l=[::1]:3000 r=[2409:40f3:1433:4085:2da8:953e:f570:f5d2]:59772
t=2026-08-23T10:24:27+0530 lvl=info msg="join connections" obj=join id=b2f008ab6eba l=[::1]:3000 r=[2409:40f3:1433:4085:2da8:953e:f570:f5d2]:59772
t=2026-08-23T10:24:27+0530 lvl=info msg="join connections" obj=join id=a835aaf85e13 l=[::1]:3000 r=[2409:40f3:1433:4085:2da8:953e:f570:f5d2]:59772
t=2026-08-23T10:24:27+0530 lvl=info msg="join connections" obj=join id=f59ff52694c8 l=[::1]:3000 r=[2409:40f3:1433:4085:2da8:953e:f570:f5d2]:59772
t=2026-08-23T10:24:27+0530 lvl=info msg="join connections" obj=join id=8ed6b6c40218 l=[::1]:3000 r=[2409:40f3:1433:4085:2da8:953e:f570:f5d2]:59772
t=2026-08-23T10:24:27+0530 lvl=info msg="join connections" obj=join id=043a0b6c5f9f l=[::1]:3000 r=[2409:40f3:1433:4085:2da8:953e:f570:f5d2]:59772
t=2026-08-23T10:24:27+0530 lvl=info msg="join connections" obj=join id=7a7033f53d64 l=[::1]:3000 r=[2409:40f3:1433:4085:2da8:953e:f570:f5d2]:59772
t=2026-08-23T10:24:27+0530 lvl=info msg="join connections" obj=join id=19c5191e03af l=[::1]:3000 r=[2409:40f3:1433:4085:2da8:953e:f570:f5d2]:59772
t=2026-08-23T10:24:27+0530 lvl=info msg="join connections" obj=join id=d33af7485da8 l=[::1]:3000 r=[2409:40f3:1433:4085:2da8:953e:f570:f5d2]:59772
t=2026-08-23T10:24:27+0530 lvl=info msg="join connections" obj=join id=feb66988ccb8 l=[::1]:3000 r=[2409:40f3:1433:4085:2da8:953e:f570:f5d2]:59772
t=2026-08-23T10:24:27+0530 lvl=info msg="join connections" obj=join id=8019cd4d8e69 l=[::1]:3000 r=[2409:40f3:1433:4085:2da8:953e:f570:f5d2]:59772
t=2026-08-23T10:24:27+0530 lvl=info msg="join connections" obj=join id=d78319441630 l=[::1]:3000 r=[2409:40f3:1433:4085:2da8:953e:f570:f5d2]:59772
t=2026-08-23T10:24:27+0530 lvl=info msg="join connections" obj=join id=fa4690bec43f l=[::1]:3000 r=[2409:40f3:1433:4085:2da8:953e:f570:f5d2]:59772
t=2026-08-23T10:24:27+0530 lvl=info msg="join connections" obj=join id=e93c2f955521 l=[::1]:3000 r=[2409:40f3:1433:4085:2da8:953e:f570:f5d2]:59772
t=2026-08-23T10:24:28+0530 lvl=info msg="join connections" obj=join id=1d8544f72828 l=[::1]:3000 r=[2409:40f3:1433:4085:2da8:953e:f570:f5d2]:59805
t=2026-08-23T10:24:29+0530 lvl=info msg="join connections" obj=join id=4e61bfcdea0c l=[::1]:3000 r=[2409:40f3:1433:4085:2da8:953e:f570:f5d2]:59807
t=2026-08-23T10:24:29+0530 lvl=info msg="join connections" obj=join id=1a62a1bef9a1 l=[::1]:3000 r=[2409:40f3:1433:4085:f836:e3d7:b043:87f2]:52180
t=2026-08-23T10:24:30+0530 lvl=info msg="join connections" obj=join id=a5ae629cf166 l=[::1]:3000 r=[2409:40f3:1433:4085:f836:e3d7:b043:87f2]:52016
t=2026-08-23T10:24:30+0530 lvl=info msg="join connections" obj=join id=7a64ecfdfc34 l=[::1]:3000 r=[2409:40f3:1433:4085:f836:e3d7:b043:87f2]:52016
t=2026-08-23T10:24:30+0530 lvl=info msg="join connections" obj=join id=7bd19df169c9 l=[::1]:3000 r=[2409:40f3:1433:4085:f836:e3d7:b043:87f2]:52016
t=2026-08-23T10:24:30+0530 lvl=info msg="join connections" obj=join id=5bdecd34e8b4 l=[::1]:3000 r=[2409:40f3:1433:4085:f836:e3d7:b043:87f2]:52016
t=2026-08-23T10:24:30+0530 lvl=info msg="join connections" obj=join id=420a46476837 l=[::1]:3000 r=[2409:40f3:1433:4085:f836:e3d7:b043:87f2]:52016
t=2026-08-23T10:24:30+0530 lvl=info msg="join connections" obj=join id=7496fa19e041 l=[::1]:3000 r=[2409:40f3:1433:4085:f836:e3d7:b043:87f2]:52016
t=2026-08-23T10:24:31+0530 lvl=info msg="join connections" obj=join id=214d25fb80e6 l=[::1]:3000 r=[2409:40f3:1433:4085:f836:e3d7:b043:87f2]:52016
t=2026-08-23T10:24:31+0530 lvl=info msg="join connections" obj=join id=7affe8e55ae8 l=[::1]:3000 r=[2409:40f3:1433:4085:f836:e3d7:b043:87f2]:52067
t=2026-08-23T10:24:31+0530 lvl=info msg="join connections" obj=join id=8a26416bf9e1 l=[::1]:3000 r=[2409:40f3:1433:4085:f836:e3d7:b043:87f2]:52067
t=2026-08-23T10:24:31+0530 lvl=info msg="join connections" obj=join id=478979809582 l=[::1]:3000 r=[2409:40f3:1433:4085:f836:e3d7:b043:87f2]:52067
t=2026-08-23T10:24:31+0530 lvl=info msg="join connections" obj=join id=a624e9d0e0cb l=[::1]:3000 r=[2409:40f3:1433:4085:f836:e3d7:b043:87f2]:52067
t=2026-08-23T10:24:31+0530 lvl=info msg="join connections" obj=join id=67f9f62cda30 l=[::1]:3000 r=[2409:40f3:1433:4085:2da8:953e:f570:f5d2]:59809
t=2026-08-23T10:24:31+0530 lvl=info msg="join connections" obj=join id=10d9c0411001 l=[::1]:3000 r=[2409:40f3:1433:4085:f836:e3d7:b043:87f2]:52067
t=2026-08-23T10:24:31+0530 lvl=info msg="join connections" obj=join id=96efac8efb1b l=[::1]:3000 r=[2409:40f3:1433:4085:f836:e3d7:b043:87f2]:52016
t=2026-08-23T10:24:31+0530 lvl=info msg="join connections" obj=join id=96b1b67872d2 l=[::1]:3000 r=[2409:40f3:1433:4085:f836:e3d7:b043:87f2]:52016
t=2026-08-23T10:24:31+0530 lvl=info msg="join connections" obj=join id=2bdc7d0592a5 l=[::1]:3000 r=[2409:40f3:1433:4085:f836:e3d7:b043:87f2]:52067
t=2026-08-23T10:24:31+0530 lvl=info msg="join connections" obj=join id=320670d96833 l=[::1]:3000 r=[2409:40f3:1433:4085:f836:e3d7:b043:87f2]:52067
t=2026-08-23T10:24:32+0530 lvl=info msg="join connections" obj=join id=8310eedd25af l=[::1]:3000 r=[2409:40f3:1433:4085:f836:e3d7:b043:87f2]:52016
t=2026-08-23T10:24:32+0530 lvl=info msg="join connections" obj=join id=467c51f2b127 l=[::1]:3000 r=[2409:40f3:1433:4085:2da8:953e:f570:f5d2]:59811
t=2026-08-23T10:24:33+0530 lvl=info msg="join connections" obj=join id=6e7232326caf l=[::1]:3000 r=[2409:40f3:1433:4085:f836:e3d7:b043:87f2]:52205
t=2026-08-23T10:24:33+0530 lvl=info msg="join connections" obj=join id=d4f84d413c2c l=[::1]:3000 r=[2409:40f3:1433:4085:f836:e3d7:b043:87f2]:52016
t=2026-08-23T10:24:33+0530 lvl=info msg="join connections" obj=join id=bf1a1b1bfdaf l=[::1]:3000 r=[2409:40f3:1433:4085:2da8:953e:f570:f5d2]:59813
t=2026-08-23T10:24:35+0530 lvl=info msg="join connections" obj=join id=7071f8018f9b l=[::1]:3000 r=[2409:40f3:1433:4085:2da8:953e:f570:f5d2]:59815
t=2026-08-23T10:24:36+0530 lvl=info msg="join connections" obj=join id=d3f9ea0e1189 l=[::1]:3000 r=[2409:40f3:1433:4085:f836:e3d7:b043:87f2]:52212
t=2026-08-23T10:24:40+0530 lvl=info msg="join connections" obj=join id=828a680ea15b l=[::1]:3000 r=[2409:40f3:1433:4085:2da8:953e:f570:f5d2]:59817
t=2026-08-23T10:24:42+0530 lvl=info msg="join connections" obj=join id=27dce471c060 l=[::1]:3000 r=[2409:40f3:1433:4085:f836:e3d7:b043:87f2]:52225
t=2026-08-23T10:24:46+0530 lvl=info msg="join connections" obj=join id=5691d4b4229f l=[::1]:3000 r=[2409:40f3:1433:4085:2da8:953e:f570:f5d2]:59819
t=2026-08-23T10:24:52+0530 lvl=info msg="join connections" obj=join id=d5dbb1d10c23 l=[::1]:3000 r=[2409:40f3:1433:4085:2da8:953e:f570:f5d2]:59822
t=2026-08-23T10:24:52+0530 lvl=info msg="join connections" obj=join id=44fcf9e11fb3 l=[::1]:3000 r=[2409:40f3:1433:4085:2da8:953e:f570:f5d2]:59772
t=2026-08-23T10:24:52+0530 lvl=info msg="join connections" obj=join id=77723015d202 l=[::1]:3000 r=[2409:40f3:1433:4085:f836:e3d7:b043:87f2]:52231
t=2026-08-23T10:24:53+0530 lvl=info msg="join connections" obj=join id=68a838a79143 l=[::1]:3000 r=[2409:40f3:1433:4085:2da8:953e:f570:f5d2]:59772
t=2026-08-23T10:24:53+0530 lvl=info msg="join connections" obj=join id=3b8cf7f38b69 l=[::1]:3000 r=[2409:40f3:1433:4085:2da8:953e:f570:f5d2]:59772
t=2026-08-23T10:24:53+0530 lvl=info msg="join connections" obj=join id=279bef8d3c20 l=[::1]:3000 r=[2409:40f3:1433:4085:2da8:953e:f570:f5d2]:59772
t=2026-08-23T10:24:53+0530 lvl=info msg="join connections" obj=join id=dab516c3309f l=[::1]:3000 r=[2409:40f3:1433:4085:2da8:953e:f570:f5d2]:59772
t=2026-08-23T10:24:53+0530 lvl=info msg="join connections" obj=join id=83b0810e0601 l=[::1]:3000 r=[2409:40f3:1433:4085:2da8:953e:f570:f5d2]:59772
t=2026-08-23T10:24:53+0530 lvl=info msg="join connections" obj=join id=52ce95d0f20f l=[::1]:3000 r=[2409:40f3:1433:4085:2da8:953e:f570:f5d2]:59772
t=2026-08-23T10:24:53+0530 lvl=info msg="join connections" obj=join id=cb10428a9142 l=[::1]:3000 r=[2409:40f3:1433:4085:2da8:953e:f570:f5d2]:59772
t=2026-08-23T10:24:53+0530 lvl=info msg="join connections" obj=join id=77a616d9a61a l=[::1]:3000 r=[2409:40f3:1433:4085:2da8:953e:f570:f5d2]:59772
t=2026-08-23T10:24:53+0530 lvl=info msg="join connections" obj=join id=22833b29598d l=[::1]:3000 r=[2409:40f3:1433:4085:2da8:953e:f570:f5d2]:59772
t=2026-08-23T10:24:53+0530 lvl=info msg="join connections" obj=join id=9daa6aff56ee l=[::1]:3000 r=[2409:40f3:1433:4085:2da8:953e:f570:f5d2]:59772
t=2026-08-23T10:24:53+0530 lvl=info msg="join connections" obj=join id=2a1256221173 l=[::1]:3000 r=[2409:40f3:1433:4085:2da8:953e:f570:f5d2]:59772
t=2026-08-23T10:24:53+0530 lvl=info msg="join connections" obj=join id=328f61044770 l=[::1]:3000 r=[2409:40f3:1433:4085:2da8:953e:f570:f5d2]:59772
t=2026-08-23T10:24:53+0530 lvl=info msg="join connections" obj=join id=c8e4086f83e0 l=[::1]:3000 r=[2409:40f3:1433:4085:2da8:953e:f570:f5d2]:59772
t=2026-08-23T10:24:53+0530 lvl=info msg="join connections" obj=join id=3188879047ad l=[::1]:3000 r=[2409:40f3:1433:4085:2da8:953e:f570:f5d2]:59772
t=2026-08-23T10:24:53+0530 lvl=info msg="join connections" obj=join id=9c3b10b4aec3 l=[::1]:3000 r=[2409:40f3:1433:4085:2da8:953e:f570:f5d2]:59824
t=2026-08-23T10:24:54+0530 lvl=info msg="join connections" obj=join id=33945c6b9ad5 l=[::1]:3000 r=[2409:40f3:1433:4085:2da8:953e:f570:f5d2]:59772
t=2026-08-23T10:24:55+0530 lvl=info msg="join connections" obj=join id=b53cb16e69da l=[::1]:3000 r=[2409:40f3:1433:4085:2da8:953e:f570:f5d2]:59826
t=2026-08-23T10:24:55+0530 lvl=info msg="join connections" obj=join id=9cf216c0b3f8 l=[::1]:3000 r=[2409:40f3:1433:4085:2da8:953e:f570:f5d2]:59772
t=2026-08-23T10:24:55+0530 lvl=info msg="join connections" obj=join id=e98e4fc2efa5 l=[::1]:3000 r=[2409:40f3:1433:4085:2da8:953e:f570:f5d2]:59772
t=2026-08-23T10:24:55+0530 lvl=info msg="join connections" obj=join id=cca84f58b0c2 l=[::1]:3000 r=[2409:40f3:1433:4085:2da8:953e:f570:f5d2]:59772
t=2026-08-23T10:24:55+0530 lvl=info msg="join connections" obj=join id=60ff05131249 l=[::1]:3000 r=[2409:40f3:1433:4085:2da8:953e:f570:f5d2]:59772
t=2026-08-23T10:24:55+0530 lvl=info msg="join connections" obj=join id=2ac439f79661 l=[::1]:3000 r=[2409:40f3:1433:4085:2da8:953e:f570:f5d2]:59772
t=2026-08-23T10:24:55+0530 lvl=info msg="join connections" obj=join id=94c15f3acfc2 l=[::1]:3000 r=[2409:40f3:1433:4085:2da8:953e:f570:f5d2]:59772
t=2026-08-23T10:24:55+0530 lvl=info msg="join connections" obj=join id=acf7c55b6615 l=[::1]:3000 r=[2409:40f3:1433:4085:2da8:953e:f570:f5d2]:59772
t=2026-08-23T10:24:55+0530 lvl=info msg="join connections" obj=join id=9607a06e0f94 l=[::1]:3000 r=[2409:40f3:1433:4085:2da8:953e:f570:f5d2]:59772
t=2026-08-23T10:24:55+0530 lvl=info msg="join connections" obj=join id=3d8a7c1330a9 l=[::1]:3000 r=[2409:40f3:1433:4085:2da8:953e:f570:f5d2]:59772
t=2026-08-23T10:24:55+0530 lvl=info msg="join connections" obj=join id=1e9e480fa576 l=[::1]:3000 r=[2409:40f3:1433:4085:2da8:953e:f570:f5d2]:59772
t=2026-08-23T10:24:55+0530 lvl=info msg="join connections" obj=join id=0c82de7fc2d6 l=[::1]:3000 r=[2409:40f3:1433:4085:2da8:953e:f570:f5d2]:59772
t=2026-08-23T10:24:55+0530 lvl=info msg="join connections" obj=join id=be4401eb90e8 l=[::1]:3000 r=[2409:40f3:1433:4085:2da8:953e:f570:f5d2]:59772
t=2026-08-23T10:24:55+0530 lvl=info msg="join connections" obj=join id=306de9d20d38 l=[::1]:3000 r=[2409:40f3:1433:4085:2da8:953e:f570:f5d2]:59772
t=2026-08-23T10:24:55+0530 lvl=info msg="join connections" obj=join id=2809988654c1 l=[::1]:3000 r=[2409:40f3:1433:4085:2da8:953e:f570:f5d2]:59828
t=2026-08-23T10:25:00+0530 lvl=info msg="join connections" obj=join id=fde95c6eee67 l=[::1]:3000 r=[2409:40f3:1433:4085:f836:e3d7:b043:87f2]:52268
t=2026-08-23T10:25:00+0530 lvl=info msg="join connections" obj=join id=520f11ab5ecb l=[::1]:3000 r=[2409:40f3:1433:4085:2da8:953e:f570:f5d2]:59830
t=2026-08-23T10:25:02+0530 lvl=info msg="join connections" obj=join id=6bf3eecd5f20 l=[::1]:3000 r=[2409:40f3:1433:4085:2da8:953e:f570:f5d2]:59832
t=2026-08-23T10:25:03+0530 lvl=info msg="join connections" obj=join id=387750cd9d8e l=[::1]:3000 r=[2409:40f3:1433:4085:2da8:953e:f570:f5d2]:59834
t=2026-08-23T10:25:06+0530 lvl=info msg="join connections" obj=join id=da3b280a2a4e l=[::1]:3000 r=[2409:40f3:1433:4085:2da8:953e:f570:f5d2]:59836
t=2026-08-23T10:25:08+0530 lvl=info msg="join connections" obj=join id=8d315f97ad31 l=[::1]:3000 r=[2409:40f3:1433:4085:2da8:953e:f570:f5d2]:59838
t=2026-08-23T10:25:08+0530 lvl=info msg="join connections" obj=join id=b968656283eb l=[::1]:3000 r=[2409:40f3:1433:4085:f836:e3d7:b043:87f2]:52276
t=2026-08-23T10:25:12+0530 lvl=info msg="join connections" obj=join id=d4e62fb06bdb l=[::1]:3000 r=[2409:40f3:1433:4085:2da8:953e:f570:f5d2]:59772
t=2026-08-23T10:25:13+0530 lvl=info msg="join connections" obj=join id=795aaa8160e3 l=[::1]:3000 r=[2409:40f3:1433:4085:2da8:953e:f570:f5d2]:59772
t=2026-08-23T10:25:13+0530 lvl=info msg="join connections" obj=join id=edc1ba8e37bd l=[::1]:3000 r=[2409:40f3:1433:4085:2da8:953e:f570:f5d2]:59772
t=2026-08-23T10:25:13+0530 lvl=info msg="join connections" obj=join id=1cc8f4076002 l=[::1]:3000 r=[2409:40f3:1433:4085:2da8:953e:f570:f5d2]:59772
t=2026-08-23T10:25:13+0530 lvl=info msg="join connections" obj=join id=a1d2916416a1 l=[::1]:3000 r=[2409:40f3:1433:4085:2da8:953e:f570:f5d2]:59772
t=2026-08-23T10:25:13+0530 lvl=info msg="join connections" obj=join id=9889afb521c9 l=[::1]:3000 r=[2409:40f3:1433:4085:2da8:953e:f570:f5d2]:59772
t=2026-08-23T10:25:13+0530 lvl=info msg="join connections" obj=join id=b513683f025f l=[::1]:3000 r=[2409:40f3:1433:4085:2da8:953e:f570:f5d2]:59772
t=2026-08-23T10:25:13+0530 lvl=info msg="join connections" obj=join id=b8fa7c48121c l=[::1]:3000 r=[2409:40f3:1433:4085:2da8:953e:f570:f5d2]:59772
t=2026-08-23T10:25:13+0530 lvl=info msg="join connections" obj=join id=a6845358d46d l=[::1]:3000 r=[2409:40f3:1433:4085:2da8:953e:f570:f5d2]:59772
t=2026-08-23T10:25:13+0530 lvl=info msg="join connections" obj=join id=aeb9f8c83513 l=[::1]:3000 r=[2409:40f3:1433:4085:2da8:953e:f570:f5d2]:59772
t=2026-08-23T10:25:13+0530 lvl=info msg="join connections" obj=join id=e956e90db0dc l=[::1]:3000 r=[2409:40f3:1433:4085:2da8:953e:f570:f5d2]:59772
t=2026-08-23T10:25:13+0530 lvl=info msg="join connections" obj=join id=3015209c210b l=[::1]:3000 r=[2409:40f3:1433:4085:2da8:953e:f570:f5d2]:59772
t=2026-08-23T10:25:13+0530 lvl=info msg="join connections" obj=join id=70a3375b528c l=[::1]:3000 r=[2409:40f3:1433:4085:2da8:953e:f570:f5d2]:59772
t=2026-08-23T10:25:13+0530 lvl=info msg="join connections" obj=join id=56c1b3dd1f72 l=[::1]:3000 r=[2409:40f3:1433:4085:2da8:953e:f570:f5d2]:59772
t=2026-08-23T10:25:13+0530 lvl=info msg="join connections" obj=join id=e00b2af5d5b8 l=[::1]:3000 r=[2409:40f3:1433:4085:2da8:953e:f570:f5d2]:59772
t=2026-08-23T10:25:14+0530 lvl=info msg="join connections" obj=join id=c0be277ee417 l=[::1]:3000 r=[2409:40f3:1433:4085:2da8:953e:f570:f5d2]:59840
t=2026-08-23T10:25:17+0530 lvl=info msg="join connections" obj=join id=ff81324625c1 l=[::1]:3000 r=[2409:40f3:1433:4085:2da8:953e:f570:f5d2]:59842
t=2026-08-23T10:25:19+0530 lvl=info msg="join connections" obj=join id=0dbcbd743b60 l=[::1]:3000 r=[2409:40f3:1433:4085:2da8:953e:f570:f5d2]:59844
t=2026-08-23T10:25:19+0530 lvl=info msg="join connections" obj=join id=5e95fb97e037 l=[::1]:3000 r=[2409:40f3:1433:4085:f836:e3d7:b043:87f2]:52297
t=2026-08-23T10:25:20+0530 lvl=info msg="join connections" obj=join id=09479873b3a6 l=[::1]:3000 r=[2409:40f3:1433:4085:2da8:953e:f570:f5d2]:59772
t=2026-08-23T10:25:20+0530 lvl=info msg="join connections" obj=join id=5c7fbbb4184c l=[::1]:3000 r=[2409:40f3:1433:4085:2da8:953e:f570:f5d2]:59772
t=2026-08-23T10:25:20+0530 lvl=info msg="join connections" obj=join id=406c40b0ecb0 l=[::1]:3000 r=[2409:40f3:1433:4085:2da8:953e:f570:f5d2]:59772
t=2026-08-23T10:25:20+0530 lvl=info msg="join connections" obj=join id=16c2c7874ede l=[::1]:3000 r=[2409:40f3:1433:4085:2da8:953e:f570:f5d2]:59772
t=2026-08-23T10:25:20+0530 lvl=info msg="join connections" obj=join id=ef76dba48d17 l=[::1]:3000 r=[2409:40f3:1433:4085:2da8:953e:f570:f5d2]:59772
t=2026-08-23T10:25:20+0530 lvl=info msg="join connections" obj=join id=add6f70b8c00 l=[::1]:3000 r=[2409:40f3:1433:4085:2da8:953e:f570:f5d2]:59772
t=2026-08-23T10:25:20+0530 lvl=info msg="join connections" obj=join id=a15ecc3ee0e1 l=[::1]:3000 r=[2409:40f3:1433:4085:2da8:953e:f570:f5d2]:59772
t=2026-08-23T10:25:20+0530 lvl=info msg="join connections" obj=join id=f7c41777c251 l=[::1]:3000 r=[2409:40f3:1433:4085:2da8:953e:f570:f5d2]:59772
t=2026-08-23T10:25:20+0530 lvl=info msg="join connections" obj=join id=c57e14724b62 l=[::1]:3000 r=[2409:40f3:1433:4085:2da8:953e:f570:f5d2]:59772
t=2026-08-23T10:25:20+0530 lvl=info msg="join connections" obj=join id=31c739b7aa0f l=[::1]:3000 r=[2409:40f3:1433:4085:2da8:953e:f570:f5d2]:59772
t=2026-08-23T10:25:20+0530 lvl=info msg="join connections" obj=join id=e7d76f29e0a9 l=[::1]:3000 r=[2409:40f3:1433:4085:2da8:953e:f570:f5d2]:59772
t=2026-08-23T10:25:20+0530 lvl=info msg="join connections" obj=join id=0c4606224aaf l=[::1]:3000 r=[2409:40f3:1433:4085:2da8:953e:f570:f5d2]:59772
t=2026-08-23T10:25:20+0530 lvl=info msg="join connections" obj=join id=196d942b2818 l=[::1]:3000 r=[2409:40f3:1433:4085:2da8:953e:f570:f5d2]:59772
t=2026-08-23T10:25:20+0530 lvl=info msg="join connections" obj=join id=88cf543f7e5f l=[::1]:3000 r=[2409:40f3:1433:4085:2da8:953e:f570:f5d2]:59772
t=2026-08-23T10:25:20+0530 lvl=info msg="join connections" obj=join id=d23ff225962c l=[::1]:3000 r=[2409:40f3:1433:4085:2da8:953e:f570:f5d2]:59772
t=2026-08-23T10:25:20+0530 lvl=info msg="join connections" obj=join id=73a5a6f769eb l=[::1]:3000 r=[2409:40f3:1433:4085:2da8:953e:f570:f5d2]:59846
t=2026-08-23T10:25:21+0530 lvl=info msg="join connections" obj=join id=83b8170d15a3 l=[::1]:3000 r=[2409:40f3:1433:4085:2da8:953e:f570:f5d2]:59848
t=2026-08-23T10:25:22+0530 lvl=info msg="join connections" obj=join id=73ba1f39d3f9 l=[::1]:3000 r=[2409:40f3:1433:4085:2da8:953e:f570:f5d2]:59850
t=2026-08-23T10:25:24+0530 lvl=info msg="join connections" obj=join id=e34ed91ffc20 l=[::1]:3000 r=[2409:40f3:1433:4085:2da8:953e:f570:f5d2]:59852
t=2026-08-23T10:25:25+0530 lvl=info msg="join connections" obj=join id=77b9a5ccbd99 l=[::1]:3000 r=[2409:40f3:1433:4085:2da8:953e:f570:f5d2]:59854
t=2026-08-23T10:25:26+0530 lvl=info msg="join connections" obj=join id=3f5386d6f9b0 l=[::1]:3000 r=[2409:40f3:1433:4085:2da8:953e:f570:f5d2]:59857
t=2026-08-23T10:25:27+0530 lvl=info msg="join connections" obj=join id=9359709dd97d l=[::1]:3000 r=[2409:40f3:1433:4085:f836:e3d7:b043:87f2]:52320
t=2026-08-23T10:25:28+0530 lvl=info msg="join connections" obj=join id=016a4961485a l=[::1]:3000 r=[2409:40f3:1433:4085:2da8:953e:f570:f5d2]:59859
t=2026-08-23T10:25:29+0530 lvl=info msg="join connections" obj=join id=8c6101f5f656 l=[::1]:3000 r=[2409:40f3:1433:4085:2da8:953e:f570:f5d2]:59772
t=2026-08-23T10:25:29+0530 lvl=info msg="join connections" obj=join id=9a3c26793c88 l=[::1]:3000 r=[2409:40f3:1433:4085:2da8:953e:f570:f5d2]:59772
t=2026-08-23T10:25:29+0530 lvl=info msg="join connections" obj=join id=e93d921de3f6 l=[::1]:3000 r=[2409:40f3:1433:4085:2da8:953e:f570:f5d2]:59772
t=2026-08-23T10:25:29+0530 lvl=info msg="join connections" obj=join id=7879e9ee954e l=[::1]:3000 r=[2409:40f3:1433:4085:2da8:953e:f570:f5d2]:59772
t=2026-08-23T10:25:29+0530 lvl=info msg="join connections" obj=join id=14999079662f l=[::1]:3000 r=[2409:40f3:1433:4085:2da8:953e:f570:f5d2]:59772
t=2026-08-23T10:25:29+0530 lvl=info msg="join connections" obj=join id=65ef735eb36a l=[::1]:3000 r=[2409:40f3:1433:4085:2da8:953e:f570:f5d2]:59772
t=2026-08-23T10:25:29+0530 lvl=info msg="join connections" obj=join id=9731f422d4b8 l=[::1]:3000 r=[2409:40f3:1433:4085:2da8:953e:f570:f5d2]:59772
t=2026-08-23T10:25:29+0530 lvl=info msg="join connections" obj=join id=cbb703a7bcc3 l=[::1]:3000 r=[2409:40f3:1433:4085:2da8:953e:f570:f5d2]:59772
t=2026-08-23T10:25:29+0530 lvl=info msg="join connections" obj=join id=d5a27b4d3341 l=[::1]:3000 r=[2409:40f3:1433:4085:2da8:953e:f570:f5d2]:59772
t=2026-08-23T10:25:29+0530 lvl=info msg="join connections" obj=join id=b6a07cec788e l=[::1]:3000 r=[2409:40f3:1433:4085:2da8:953e:f570:f5d2]:59772
t=2026-08-23T10:25:29+0530 lvl=info msg="join connections" obj=join id=6456fd6a7541 l=[::1]:3000 r=[2409:40f3:1433:4085:2da8:953e:f570:f5d2]:59772
t=2026-08-23T10:25:29+0530 lvl=info msg="join connections" obj=join id=1a5c2ca943ea l=[::1]:3000 r=[2409:40f3:1433:4085:2da8:953e:f570:f5d2]:59772
t=2026-08-23T10:25:29+0530 lvl=info msg="join connections" obj=join id=3befb6266ae9 l=[::1]:3000 r=[2409:40f3:1433:4085:2da8:953e:f570:f5d2]:59772
t=2026-08-23T10:25:29+0530 lvl=info msg="join connections" obj=join id=eb8b0e6d13fb l=[::1]:3000 r=[2409:40f3:1433:4085:2da8:953e:f570:f5d2]:59772
t=2026-08-23T10:25:29+0530 lvl=info msg="join connections" obj=join id=a7eb487ff455 l=[::1]:3000 r=[2409:40f3:1433:4085:2da8:953e:f570:f5d2]:59772
t=2026-08-23T10:25:30+0530 lvl=info msg="join connections" obj=join id=065747411e48 l=[::1]:3000 r=[2409:40f3:1433:4085:2da8:953e:f570:f5d2]:59861
t=2026-08-23T10:25:32+0530 lvl=info msg="join connections" obj=join id=4b243ee9166d l=[::1]:3000 r=[2409:40f3:1433:4085:2da8:953e:f570:f5d2]:59863
t=2026-08-23T10:25:32+0530 lvl=info msg="join connections" obj=join id=61ed4c767eb6 l=[::1]:3000 r=[2409:40f3:1433:4085:f836:e3d7:b043:87f2]:52340
t=2026-08-23T10:25:35+0530 lvl=info msg="join connections" obj=join id=27f9ab4157a8 l=[::1]:3000 r=[2409:40f3:1433:4085:2da8:953e:f570:f5d2]:59865
t=2026-08-23T10:25:37+0530 lvl=info msg="join connections" obj=join id=0c5584c1f161 l=[::1]:3000 r=[2409:40f3:1433:4085:2da8:953e:f570:f5d2]:59868
t=2026-08-23T10:25:38+0530 lvl=info msg="join connections" obj=join id=81ce9ce99f6e l=[::1]:3000 r=[2409:40f3:1433:4085:f836:e3d7:b043:87f2]:52348
t=2026-08-23T10:25:38+0530 lvl=info msg="join connections" obj=join id=0e5c6262c8e0 l=[::1]:3000 r=[2409:40f3:1433:4085:2da8:953e:f570:f5d2]:59870
t=2026-08-23T10:25:38+0530 lvl=info msg="join connections" obj=join id=8fd5057c4c88 l=[::1]:3000 r=[2409:40f3:1433:4085:f836:e3d7:b043:87f2]:52016
t=2026-08-23T10:25:39+0530 lvl=info msg="join connections" obj=join id=867ad7f18866 l=[::1]:3000 r=[2409:40f3:1433:4085:f836:e3d7:b043:87f2]:52016
t=2026-08-23T10:25:39+0530 lvl=info msg="join connections" obj=join id=eb8bd3ed5f42 l=[::1]:3000 r=[2409:40f3:1433:4085:f836:e3d7:b043:87f2]:52016
t=2026-08-23T10:25:39+0530 lvl=info msg="join connections" obj=join id=51f7b462038e l=[::1]:3000 r=[2409:40f3:1433:4085:f836:e3d7:b043:87f2]:52016
t=2026-08-23T10:25:39+0530 lvl=info msg="join connections" obj=join id=a0d2ba6db230 l=[::1]:3000 r=[2409:40f3:1433:4085:f836:e3d7:b043:87f2]:52016
t=2026-08-23T10:25:39+0530 lvl=info msg="join connections" obj=join id=274e3cd9aaba l=[::1]:3000 r=[2409:40f3:1433:4085:f836:e3d7:b043:87f2]:52016
t=2026-08-23T10:25:39+0530 lvl=info msg="join connections" obj=join id=afdf21d1fe6d l=[::1]:3000 r=[2409:40f3:1433:4085:f836:e3d7:b043:87f2]:52016
t=2026-08-23T10:25:39+0530 lvl=info msg="join connections" obj=join id=ddb84c9ee8a7 l=[::1]:3000 r=[2409:40f3:1433:4085:f836:e3d7:b043:87f2]:52067
t=2026-08-23T10:25:39+0530 lvl=info msg="join connections" obj=join id=fab4cd0e6c2d l=[::1]:3000 r=[2409:40f3:1433:4085:f836:e3d7:b043:87f2]:52067
t=2026-08-23T10:25:39+0530 lvl=info msg="join connections" obj=join id=39a7ec5e204c l=[::1]:3000 r=[2409:40f3:1433:4085:f836:e3d7:b043:87f2]:52067
t=2026-08-23T10:25:39+0530 lvl=info msg="join connections" obj=join id=6204f1d1d183 l=[::1]:3000 r=[2409:40f3:1433:4085:f836:e3d7:b043:87f2]:52067
t=2026-08-23T10:25:39+0530 lvl=info msg="join connections" obj=join id=fe2ee95e5707 l=[::1]:3000 r=[2409:40f3:1433:4085:f836:e3d7:b043:87f2]:52067
t=2026-08-23T10:25:39+0530 lvl=info msg="join connections" obj=join id=d0b8010474e8 l=[::1]:3000 r=[2409:40f3:1433:4085:f836:e3d7:b043:87f2]:52067
t=2026-08-23T10:25:40+0530 lvl=info msg="join connections" obj=join id=0ed08f889f07 l=[::1]:3000 r=[2409:40f3:1433:4085:2da8:953e:f570:f5d2]:59872
t=2026-08-23T10:25:40+0530 lvl=info msg="join connections" obj=join id=dc5adb722dbf l=[::1]:3000 r=[2409:40f3:1433:4085:f836:e3d7:b043:87f2]:52016
t=2026-08-23T10:25:40+0530 lvl=info msg="join connections" obj=join id=de711a42917b l=[::1]:3000 r=[2409:40f3:1433:4085:f836:e3d7:b043:87f2]:52367
t=2026-08-23T10:25:40+0530 lvl=info msg="join connections" obj=join id=f65c8c1bc34d l=[::1]:3000 r=[2409:40f3:1433:4085:f836:e3d7:b043:87f2]:52067
t=2026-08-23T10:25:40+0530 lvl=info msg="join connections" obj=join id=740552e21fa7 l=[::1]:3000 r=[2409:40f3:1433:4085:f836:e3d7:b043:87f2]:52067
t=2026-08-23T10:25:40+0530 lvl=info msg="join connections" obj=join id=99d6f2e5de1f l=[::1]:3000 r=[2409:40f3:1433:4085:f836:e3d7:b043:87f2]:52067
t=2026-08-23T10:25:41+0530 lvl=info msg="join connections" obj=join id=c9f80fb5d7df l=[::1]:3000 r=[2409:40f3:1433:4085:f836:e3d7:b043:87f2]:52016
t=2026-08-23T10:25:42+0530 lvl=info msg="join connections" obj=join id=ac6b2e87ceb8 l=[::1]:3000 r=[2409:40f3:1433:4085:f836:e3d7:b043:87f2]:52374
t=2026-08-23T10:25:44+0530 lvl=info msg="join connections" obj=join id=eb03fd9edcab l=[::1]:3000 r=[2409:40f3:1433:4085:f836:e3d7:b043:87f2]:52377
t=2026-08-23T10:25:46+0530 lvl=info msg="join connections" obj=join id=dfea67cbd627 l=[::1]:3000 r=[2409:40f3:1433:4085:2da8:953e:f570:f5d2]:59874
t=2026-08-23T10:25:46+0530 lvl=info msg="join connections" obj=join id=27d6de1dc26f l=[::1]:3000 r=[2409:40f3:1433:4085:f836:e3d7:b043:87f2]:52380
t=2026-08-23T10:25:48+0530 lvl=info msg="join connections" obj=join id=e5045ef79c47 l=[::1]:3000 r=[2409:40f3:1433:4085:f836:e3d7:b043:87f2]:52383
t=2026-08-23T10:25:50+0530 lvl=info msg="join connections" obj=join id=c035f7ccc1cd l=[::1]:3000 r=[2409:40f3:1433:4085:f836:e3d7:b043:87f2]:52385
t=2026-08-23T10:25:51+0530 lvl=info msg="join connections" obj=join id=cc118af09a94 l=[::1]:3000 r=[2409:40f3:1433:4085:2da8:953e:f570:f5d2]:59876
t=2026-08-23T10:25:51+0530 lvl=info msg="join connections" obj=join id=06de9f92b335 l=[::1]:3000 r=[2409:40f3:1433:4085:2da8:953e:f570:f5d2]:59772
t=2026-08-23T10:25:51+0530 lvl=info msg="join connections" obj=join id=042963db3df1 l=[::1]:3000 r=[2409:40f3:1433:4085:2da8:953e:f570:f5d2]:59772
t=2026-08-23T10:25:51+0530 lvl=info msg="join connections" obj=join id=9176a42db1a2 l=[::1]:3000 r=[2409:40f3:1433:4085:2da8:953e:f570:f5d2]:59772
t=2026-08-23T10:25:51+0530 lvl=info msg="join connections" obj=join id=d87c9dbe4492 l=[::1]:3000 r=[2409:40f3:1433:4085:2da8:953e:f570:f5d2]:59772
t=2026-08-23T10:25:51+0530 lvl=info msg="join connections" obj=join id=99e1ed38eb80 l=[::1]:3000 r=[2409:40f3:1433:4085:2da8:953e:f570:f5d2]:59772
t=2026-08-23T10:25:51+0530 lvl=info msg="join connections" obj=join id=d2b4667bc7dc l=[::1]:3000 r=[2409:40f3:1433:4085:2da8:953e:f570:f5d2]:59772
t=2026-08-23T10:25:51+0530 lvl=info msg="join connections" obj=join id=9dfb3a2361b4 l=[::1]:3000 r=[2409:40f3:1433:4085:2da8:953e:f570:f5d2]:59772
t=2026-08-23T10:25:51+0530 lvl=info msg="join connections" obj=join id=548de112a9f1 l=[::1]:3000 r=[2409:40f3:1433:4085:2da8:953e:f570:f5d2]:59772
t=2026-08-23T10:25:51+0530 lvl=info msg="join connections" obj=join id=34460c1d660c l=[::1]:3000 r=[2409:40f3:1433:4085:2da8:953e:f570:f5d2]:59772
t=2026-08-23T10:25:51+0530 lvl=info msg="join connections" obj=join id=fcb4e37ac1ff l=[::1]:3000 r=[2409:40f3:1433:4085:2da8:953e:f570:f5d2]:59772
t=2026-08-23T10:25:51+0530 lvl=info msg="join connections" obj=join id=e3bda2e1a9a2 l=[::1]:3000 r=[2409:40f3:1433:4085:2da8:953e:f570:f5d2]:59772
t=2026-08-23T10:25:51+0530 lvl=info msg="join connections" obj=join id=9053ff318ade l=[::1]:3000 r=[2409:40f3:1433:4085:2da8:953e:f570:f5d2]:59772
t=2026-08-23T10:25:51+0530 lvl=info msg="join connections" obj=join id=8aa0fe239dd2 l=[::1]:3000 r=[2409:40f3:1433:4085:2da8:953e:f570:f5d2]:59772
t=2026-08-23T10:25:51+0530 lvl=info msg="join connections" obj=join id=03cfce903b8c l=[::1]:3000 r=[2409:40f3:1433:4085:2da8:953e:f570:f5d2]:59772
t=2026-08-23T10:25:51+0530 lvl=info msg="join connections" obj=join id=e47861c9e296 l=[::1]:3000 r=[2409:40f3:1433:4085:2da8:953e:f570:f5d2]:59772
t=2026-08-23T10:25:52+0530 lvl=info msg="join connections" obj=join id=c94d3a93d2f0 l=[::1]:3000 r=[2409:40f3:1433:4085:2da8:953e:f570:f5d2]:59878
t=2026-08-23T10:25:55+0530 lvl=info msg="join connections" obj=join id=766d47ebc136 l=[::1]:3000 r=[2409:40f3:1433:4085:2da8:953e:f570:f5d2]:59880
t=2026-08-23T10:25:56+0530 lvl=info msg="join connections" obj=join id=c09a84df1387 l=[::1]:3000 r=[2409:40f3:1433:4085:f836:e3d7:b043:87f2]:52405
t=2026-08-23T10:25:56+0530 lvl=info msg="join connections" obj=join id=9111be23bd27 l=[::1]:3000 r=[2409:40f3:1433:4085:2da8:953e:f570:f5d2]:59882
t=2026-08-23T10:25:58+0530 lvl=info msg="join connections" obj=join id=76bc97aa9f43 l=[::1]:3000 r=[2409:40f3:1433:4085:2da8:953e:f570:f5d2]:59884
t=2026-08-23T10:25:59+0530 lvl=info msg="join connections" obj=join id=7edb7aad9ade l=[::1]:3000 r=[2409:40f3:1433:4085:2da8:953e:f570:f5d2]:59886
t=2026-08-23T10:26:01+0530 lvl=info msg="join connections" obj=join id=fabc256ab731 l=[::1]:3000 r=[2409:40f3:1433:4085:2da8:953e:f570:f5d2]:59888
t=2026-08-23T10:26:03+0530 lvl=info msg="join connections" obj=join id=3fa0f26468db l=[::1]:3000 r=[2409:40f3:1433:4085:f836:e3d7:b043:87f2]:52413
t=2026-08-23T10:26:04+0530 lvl=info msg="join connections" obj=join id=cb6866925a2f l=[::1]:3000 r=[2409:40f3:1433:4085:f836:e3d7:b043:87f2]:52416
t=2026-08-23T10:26:06+0530 lvl=info msg="join connections" obj=join id=b8dad8db2e10 l=[::1]:3000 r=[2409:40f3:1433:4085:f836:e3d7:b043:87f2]:52419
t=2026-08-23T10:26:06+0530 lvl=info msg="join connections" obj=join id=f3faf41552d6 l=[::1]:3000 r=[2409:40f3:1433:4085:2da8:953e:f570:f5d2]:59890
t=2026-08-23T10:26:08+0530 lvl=info msg="join connections" obj=join id=b09e5ee4ef46 l=[::1]:3000 r=[2409:40f3:1433:4085:f836:e3d7:b043:87f2]:52422
t=2026-08-23T10:26:09+0530 lvl=info msg="join connections" obj=join id=4ade0a8b0ddb l=[::1]:3000 r=[2409:40f3:1433:4085:f836:e3d7:b043:87f2]:52424
t=2026-08-23T10:26:11+0530 lvl=info msg="join connections" obj=join id=518c779d5ae4 l=[::1]:3000 r=[2409:40f3:1433:4085:2da8:953e:f570:f5d2]:59892
t=2026-08-23T10:26:12+0530 lvl=info msg="join connections" obj=join id=2fa6440d21b8 l=[::1]:3000 r=[2409:40f3:1433:4085:f836:e3d7:b043:87f2]:52427
t=2026-08-23T10:26:17+0530 lvl=info msg="join connections" obj=join id=7333bb839911 l=[::1]:3000 r=[2409:40f3:1433:4085:2da8:953e:f570:f5d2]:59894
t=2026-08-23T10:26:18+0530 lvl=info msg="join connections" obj=join id=684aacb1b6d0 l=[::1]:3000 r=[2409:40f3:1433:4085:f836:e3d7:b043:87f2]:52430
t=2026-08-23T10:26:22+0530 lvl=info msg="join connections" obj=join id=d5a0014bdfed l=[::1]:3000 r=[2409:40f3:1433:4085:2da8:953e:f570:f5d2]:59896
t=2026-08-23T10:26:26+0530 lvl=info msg="join connections" obj=join id=4ff78ae3f33b l=[::1]:3000 r=[2409:40f3:1433:4085:f836:e3d7:b043:87f2]:52437
t=2026-08-23T10:26:28+0530 lvl=info msg="join connections" obj=join id=24d388927fda l=[::1]:3000 r=[2409:40f3:1433:4085:2da8:953e:f570:f5d2]:59898
t=2026-08-23T10:26:28+0530 lvl=info msg="join connections" obj=join id=29d8b8ca94af l=[::1]:3000 r=[2409:40f3:1433:4085:f836:e3d7:b043:87f2]:52016
t=2026-08-23T10:26:28+0530 lvl=info msg="join connections" obj=join id=171626ee0842 l=[::1]:3000 r=[2409:40f3:1433:4085:f836:e3d7:b043:87f2]:52016
t=2026-08-23T10:26:28+0530 lvl=info msg="join connections" obj=join id=7bf5d810bbbf l=[::1]:3000 r=[2409:40f3:1433:4085:f836:e3d7:b043:87f2]:52016
t=2026-08-23T10:26:28+0530 lvl=info msg="join connections" obj=join id=01659a0c7301 l=[::1]:3000 r=[2409:40f3:1433:4085:f836:e3d7:b043:87f2]:52016
t=2026-08-23T10:26:28+0530 lvl=info msg="join connections" obj=join id=fb4b924f12bd l=[::1]:3000 r=[2409:40f3:1433:4085:f836:e3d7:b043:87f2]:52016
t=2026-08-23T10:26:28+0530 lvl=info msg="join connections" obj=join id=0fb5b68097b4 l=[::1]:3000 r=[2409:40f3:1433:4085:f836:e3d7:b043:87f2]:52016
t=2026-08-23T10:26:28+0530 lvl=info msg="join connections" obj=join id=41c6c8f3048b l=[::1]:3000 r=[2409:40f3:1433:4085:f836:e3d7:b043:87f2]:52016
t=2026-08-23T10:26:28+0530 lvl=info msg="join connections" obj=join id=bd43a3e45385 l=[::1]:3000 r=[2409:40f3:1433:4085:f836:e3d7:b043:87f2]:52016
t=2026-08-23T10:26:28+0530 lvl=info msg="join connections" obj=join id=9197d75c26a1 l=[::1]:3000 r=[2409:40f3:1433:4085:f836:e3d7:b043:87f2]:52016
t=2026-08-23T10:26:28+0530 lvl=info msg="join connections" obj=join id=a95669d9c9bc l=[::1]:3000 r=[2409:40f3:1433:4085:f836:e3d7:b043:87f2]:52016
t=2026-08-23T10:26:28+0530 lvl=info msg="join connections" obj=join id=9d3fbe51e645 l=[::1]:3000 r=[2409:40f3:1433:4085:f836:e3d7:b043:87f2]:52016
t=2026-08-23T10:26:28+0530 lvl=info msg="join connections" obj=join id=003988ac7b14 l=[::1]:3000 r=[2409:40f3:1433:4085:f836:e3d7:b043:87f2]:52016
t=2026-08-23T10:26:28+0530 lvl=info msg="join connections" obj=join id=0d75dc1d8e43 l=[::1]:3000 r=[2409:40f3:1433:4085:f836:e3d7:b043:87f2]:52016
t=2026-08-23T10:26:28+0530 lvl=info msg="join connections" obj=join id=9692f0ed556f l=[::1]:3000 r=[2409:40f3:1433:4085:f836:e3d7:b043:87f2]:52016
t=2026-08-23T10:26:28+0530 lvl=info msg="join connections" obj=join id=00dc176120ac l=[::1]:3000 r=[2409:40f3:1433:4085:f836:e3d7:b043:87f2]:52016
t=2026-08-23T10:26:28+0530 lvl=info msg="join connections" obj=join id=46e81a2444d8 l=[::1]:3000 r=[2409:40f3:1433:4085:f836:e3d7:b043:87f2]:52016
t=2026-08-23T10:26:28+0530 lvl=info msg="join connections" obj=join id=4cbf2809268e l=[::1]:3000 r=[2409:40f3:1433:4085:f836:e3d7:b043:87f2]:52016
t=2026-08-23T10:26:28+0530 lvl=info msg="join connections" obj=join id=1f9171645ab8 l=[::1]:3000 r=[2409:40f3:1433:4085:f836:e3d7:b043:87f2]:52016
t=2026-08-23T10:26:28+0530 lvl=info msg="join connections" obj=join id=427d38968ff7 l=[::1]:3000 r=[2409:40f3:1433:4085:f836:e3d7:b043:87f2]:52016
t=2026-08-23T10:26:28+0530 lvl=info msg="join connections" obj=join id=66ec5f8d7b0f l=[::1]:3000 r=[2409:40f3:1433:4085:f836:e3d7:b043:87f2]:52016
t=2026-08-23T10:26:28+0530 lvl=info msg="join connections" obj=join id=074967f615cf l=[::1]:3000 r=[2409:40f3:1433:4085:f836:e3d7:b043:87f2]:52016
t=2026-08-23T10:26:28+0530 lvl=info msg="join connections" obj=join id=03643e80e070 l=[::1]:3000 r=[2409:40f3:1433:4085:f836:e3d7:b043:87f2]:52016
t=2026-08-23T10:26:28+0530 lvl=info msg="join connections" obj=join id=09ac8e217c6e l=[::1]:3000 r=[2409:40f3:1433:4085:f836:e3d7:b043:87f2]:52016
t=2026-08-23T10:26:28+0530 lvl=info msg="join connections" obj=join id=2e930df75333 l=[::1]:3000 r=[2409:40f3:1433:4085:f836:e3d7:b043:87f2]:52016
t=2026-08-23T10:26:28+0530 lvl=info msg="join connections" obj=join id=385f372c0c28 l=[::1]:3000 r=[2409:40f3:1433:4085:f836:e3d7:b043:87f2]:52016
t=2026-08-23T10:26:28+0530 lvl=info msg="join connections" obj=join id=fc5f55ae92d3 l=[::1]:3000 r=[2409:40f3:1433:4085:f836:e3d7:b043:87f2]:52016
t=2026-08-23T10:26:28+0530 lvl=info msg="join connections" obj=join id=2b21f0ac5303 l=[::1]:3000 r=[2409:40f3:1433:4085:f836:e3d7:b043:87f2]:52016
t=2026-08-23T10:26:28+0530 lvl=info msg="join connections" obj=join id=255002dddf05 l=[::1]:3000 r=[2409:40f3:1433:4085:f836:e3d7:b043:87f2]:52016
t=2026-08-23T10:26:28+0530 lvl=info msg="join connections" obj=join id=34a33118aa23 l=[::1]:3000 r=[2409:40f3:1433:4085:f836:e3d7:b043:87f2]:52016
t=2026-08-23T10:26:28+0530 lvl=info msg="join connections" obj=join id=b3deaa21a21d l=[::1]:3000 r=[2409:40f3:1433:4085:f836:e3d7:b043:87f2]:52016
t=2026-08-23T10:26:28+0530 lvl=info msg="join connections" obj=join id=0de7460ad07d l=[::1]:3000 r=[2409:40f3:1433:4085:f836:e3d7:b043:87f2]:52016
t=2026-08-23T10:26:28+0530 lvl=info msg="join connections" obj=join id=301ce19e05a6 l=[::1]:3000 r=[2409:40f3:1433:4085:f836:e3d7:b043:87f2]:52067
t=2026-08-23T10:26:28+0530 lvl=info msg="join connections" obj=join id=c9f150d5ab7f l=[::1]:3000 r=[2409:40f3:1433:4085:f836:e3d7:b043:87f2]:52067
t=2026-08-23T10:26:28+0530 lvl=info msg="join connections" obj=join id=8919f39020f7 l=[::1]:3000 r=[2409:40f3:1433:4085:f836:e3d7:b043:87f2]:52067
t=2026-08-23T10:26:28+0530 lvl=info msg="join connections" obj=join id=8ed82c6df432 l=[::1]:3000 r=[2409:40f3:1433:4085:f836:e3d7:b043:87f2]:52067
t=2026-08-23T10:26:28+0530 lvl=info msg="join connections" obj=join id=44522a6c0103 l=[::1]:3000 r=[2409:40f3:1433:4085:f836:e3d7:b043:87f2]:52067
t=2026-08-23T10:26:28+0530 lvl=info msg="join connections" obj=join id=3fcad2e059d5 l=[::1]:3000 r=[2409:40f3:1433:4085:f836:e3d7:b043:87f2]:52067
t=2026-08-23T10:26:28+0530 lvl=info msg="join connections" obj=join id=ac62cd9b3373 l=[::1]:3000 r=[2409:40f3:1433:4085:f836:e3d7:b043:87f2]:52067
t=2026-08-23T10:26:28+0530 lvl=info msg="join connections" obj=join id=f574c2f97776 l=[::1]:3000 r=[2409:40f3:1433:4085:f836:e3d7:b043:87f2]:52067
t=2026-08-23T10:26:28+0530 lvl=info msg="join connections" obj=join id=a9c4e96bee8a l=[::1]:3000 r=[2409:40f3:1433:4085:f836:e3d7:b043:87f2]:52067
t=2026-08-23T10:26:28+0530 lvl=info msg="join connections" obj=join id=5e49ba4a5cdd l=[::1]:3000 r=[2409:40f3:1433:4085:f836:e3d7:b043:87f2]:52067
t=2026-08-23T10:26:28+0530 lvl=info msg="join connections" obj=join id=61eb53a518aa l=[::1]:3000 r=[2409:40f3:1433:4085:f836:e3d7:b043:87f2]:52067
t=2026-08-23T10:26:28+0530 lvl=info msg="join connections" obj=join id=85a5c255f228 l=[::1]:3000 r=[2409:40f3:1433:4085:f836:e3d7:b043:87f2]:52067
t=2026-08-23T10:26:28+0530 lvl=info msg="join connections" obj=join id=c57adfffa991 l=[::1]:3000 r=[2409:40f3:1433:4085:f836:e3d7:b043:87f2]:52067
t=2026-08-23T10:26:28+0530 lvl=info msg="join connections" obj=join id=23852281eb17 l=[::1]:3000 r=[2409:40f3:1433:4085:f836:e3d7:b043:87f2]:52067
t=2026-08-23T10:26:28+0530 lvl=info msg="join connections" obj=join id=08d305b84065 l=[::1]:3000 r=[2409:40f3:1433:4085:f836:e3d7:b043:87f2]:52067
t=2026-08-23T10:26:33+0530 lvl=info msg="join connections" obj=join id=5d397281451f l=[::1]:3000 r=[2409:40f3:1433:4085:2da8:953e:f570:f5d2]:59900
t=2026-08-23T10:26:33+0530 lvl=info msg="join connections" obj=join id=8d8838585b4a l=[::1]:3000 r=[2409:40f3:1433:4085:f836:e3d7:b043:87f2]:52490
t=2026-08-23T10:26:37+0530 lvl=info msg="join connections" obj=join id=4962fbf8350c l=[::1]:3000 r=[2409:40f3:1433:4085:f836:e3d7:b043:87f2]:52496
t=2026-08-23T10:26:39+0530 lvl=info msg="join connections" obj=join id=885d843a082c l=[::1]:3000 r=[2409:40f3:1433:4085:2da8:953e:f570:f5d2]:59902
t=2026-08-23T10:26:40+0530 lvl=info msg="join connections" obj=join id=9aa8ee3b6a2a l=[::1]:3000 r=[2409:40f3:1433:4085:2da8:953e:f570:f5d2]:59772
t=2026-08-23T10:26:41+0530 lvl=info msg="join connections" obj=join id=b1f06873ad6f l=[::1]:3000 r=[2409:40f3:1433:4085:2da8:953e:f570:f5d2]:59772
t=2026-08-23T10:26:41+0530 lvl=info msg="join connections" obj=join id=d8bded16ae30 l=[::1]:3000 r=[2409:40f3:1433:4085:2da8:953e:f570:f5d2]:59772
t=2026-08-23T10:26:41+0530 lvl=info msg="join connections" obj=join id=9cc93deb1273 l=[::1]:3000 r=[2409:40f3:1433:4085:2da8:953e:f570:f5d2]:59772
t=2026-08-23T10:26:41+0530 lvl=info msg="join connections" obj=join id=fccdd152a216 l=[::1]:3000 r=[2409:40f3:1433:4085:2da8:953e:f570:f5d2]:59772
t=2026-08-23T10:26:41+0530 lvl=info msg="join connections" obj=join id=cdf993a5ac24 l=[::1]:3000 r=[2409:40f3:1433:4085:2da8:953e:f570:f5d2]:59772
t=2026-08-23T10:26:41+0530 lvl=info msg="join connections" obj=join id=04e720fa9d5f l=[::1]:3000 r=[2409:40f3:1433:4085:2da8:953e:f570:f5d2]:59772
t=2026-08-23T10:26:41+0530 lvl=info msg="join connections" obj=join id=82789b3cdf7c l=[::1]:3000 r=[2409:40f3:1433:4085:2da8:953e:f570:f5d2]:59772
t=2026-08-23T10:26:41+0530 lvl=info msg="join connections" obj=join id=493cf94d3d51 l=[::1]:3000 r=[2409:40f3:1433:4085:2da8:953e:f570:f5d2]:59772
t=2026-08-23T10:26:41+0530 lvl=info msg="join connections" obj=join id=07eefbc0b294 l=[::1]:3000 r=[2409:40f3:1433:4085:2da8:953e:f570:f5d2]:59772
t=2026-08-23T10:26:41+0530 lvl=info msg="join connections" obj=join id=535f00c029a9 l=[::1]:3000 r=[2409:40f3:1433:4085:2da8:953e:f570:f5d2]:59772
t=2026-08-23T10:26:41+0530 lvl=info msg="join connections" obj=join id=7bb83a1e7b30 l=[::1]:3000 r=[2409:40f3:1433:4085:2da8:953e:f570:f5d2]:59772
t=2026-08-23T10:26:41+0530 lvl=info msg="join connections" obj=join id=d41f37092757 l=[::1]:3000 r=[2409:40f3:1433:4085:2da8:953e:f570:f5d2]:59772
t=2026-08-23T10:26:41+0530 lvl=info msg="join connections" obj=join id=686505db8ee1 l=[::1]:3000 r=[2409:40f3:1433:4085:2da8:953e:f570:f5d2]:59772
t=2026-08-23T10:26:41+0530 lvl=info msg="join connections" obj=join id=b788931c37d4 l=[::1]:3000 r=[2409:40f3:1433:4085:2da8:953e:f570:f5d2]:59772
t=2026-08-23T10:26:41+0530 lvl=info msg="join connections" obj=join id=57ca240a5f98 l=[::1]:3000 r=[2409:40f3:1433:4085:2da8:953e:f570:f5d2]:59904
t=2026-08-23T10:26:43+0530 lvl=info msg="join connections" obj=join id=cf80b0f5f6fb l=[::1]:3000 r=[2409:40f3:1433:4085:2da8:953e:f570:f5d2]:59906
t=2026-08-23T10:26:44+0530 lvl=info msg="join connections" obj=join id=596e2e884979 l=[::1]:3000 r=[2409:40f3:1433:4085:f836:e3d7:b043:87f2]:52516
t=2026-08-23T10:26:44+0530 lvl=info msg="join connections" obj=join id=962b7465e24e l=[::1]:3000 r=[2409:40f3:1433:4085:2da8:953e:f570:f5d2]:59908
t=2026-08-23T10:26:46+0530 lvl=info msg="join connections" obj=join id=6002dc8a9981 l=[::1]:3000 r=[2409:40f3:1433:4085:2da8:953e:f570:f5d2]:59910
t=2026-08-23T10:26:47+0530 lvl=info msg="join connections" obj=join id=6a159012def0 l=[::1]:3000 r=[2409:40f3:1433:4085:2da8:953e:f570:f5d2]:59772
t=2026-08-23T10:26:47+0530 lvl=info msg="join connections" obj=join id=8ec4f696f9cc l=[::1]:3000 r=[2409:40f3:1433:4085:2da8:953e:f570:f5d2]:59772
t=2026-08-23T10:26:47+0530 lvl=info msg="join connections" obj=join id=fe7aa212b2d8 l=[::1]:3000 r=[2409:40f3:1433:4085:2da8:953e:f570:f5d2]:59772
t=2026-08-23T10:26:47+0530 lvl=info msg="join connections" obj=join id=7a7dd2a2c907 l=[::1]:3000 r=[2409:40f3:1433:4085:2da8:953e:f570:f5d2]:59772
t=2026-08-23T10:26:47+0530 lvl=info msg="join connections" obj=join id=2c5275196678 l=[::1]:3000 r=[2409:40f3:1433:4085:2da8:953e:f570:f5d2]:59772
t=2026-08-23T10:26:47+0530 lvl=info msg="join connections" obj=join id=fe482a370488 l=[::1]:3000 r=[2409:40f3:1433:4085:2da8:953e:f570:f5d2]:59772
t=2026-08-23T10:26:47+0530 lvl=info msg="join connections" obj=join id=a76f3786a7f8 l=[::1]:3000 r=[2409:40f3:1433:4085:2da8:953e:f570:f5d2]:59772
t=2026-08-23T10:26:47+0530 lvl=info msg="join connections" obj=join id=329fce8dffe1 l=[::1]:3000 r=[2409:40f3:1433:4085:2da8:953e:f570:f5d2]:59772
t=2026-08-23T10:26:47+0530 lvl=info msg="join connections" obj=join id=0de77f5fe559 l=[::1]:3000 r=[2409:40f3:1433:4085:2da8:953e:f570:f5d2]:59772
t=2026-08-23T10:26:47+0530 lvl=info msg="join connections" obj=join id=466a10f8f8b0 l=[::1]:3000 r=[2409:40f3:1433:4085:2da8:953e:f570:f5d2]:59772
t=2026-08-23T10:26:47+0530 lvl=info msg="join connections" obj=join id=c5d13c138b76 l=[::1]:3000 r=[2409:40f3:1433:4085:2da8:953e:f570:f5d2]:59772
t=2026-08-23T10:26:47+0530 lvl=info msg="join connections" obj=join id=7a40e5cab69a l=[::1]:3000 r=[2409:40f3:1433:4085:2da8:953e:f570:f5d2]:59772
t=2026-08-23T10:26:47+0530 lvl=info msg="join connections" obj=join id=81a667035b3f l=[::1]:3000 r=[2409:40f3:1433:4085:2da8:953e:f570:f5d2]:59772
t=2026-08-23T10:26:47+0530 lvl=info msg="join connections" obj=join id=2c41131f4f82 l=[::1]:3000 r=[2409:40f3:1433:4085:2da8:953e:f570:f5d2]:59772
t=2026-08-23T10:26:47+0530 lvl=info msg="join connections" obj=join id=3eb882a98188 l=[::1]:3000 r=[2409:40f3:1433:4085:2da8:953e:f570:f5d2]:59912
t=2026-08-23T10:26:48+0530 lvl=info msg="join connections" obj=join id=ff5ab0ebdc42 l=[::1]:3000 r=[2409:40f3:1433:4085:f836:e3d7:b043:87f2]:52535
t=2026-08-23T10:26:50+0530 lvl=info msg="join connections" obj=join id=5abd1d686982 l=[::1]:3000 r=[2409:40f3:1433:4085:2da8:953e:f570:f5d2]:59914
t=2026-08-23T10:26:52+0530 lvl=info msg="join connections" obj=join id=4b525012af9b l=[::1]:3000 r=[2409:40f3:1433:4085:f836:e3d7:b043:87f2]:52538
t=2026-08-23T10:26:52+0530 lvl=info msg="join connections" obj=join id=cc5ae7b2beda l=[::1]:3000 r=[2409:40f3:1433:4085:2da8:953e:f570:f5d2]:59916
t=2026-08-23T10:26:56+0530 lvl=info msg="join connections" obj=join id=d67cdc4cf067 l=[::1]:3000 r=[2409:40f3:1433:4085:2da8:953e:f570:f5d2]:59918
t=2026-08-23T10:26:56+0530 lvl=info msg="join connections" obj=join id=8c558fc5eeec l=[::1]:3000 r=[2409:40f3:1433:4085:f836:e3d7:b043:87f2]:52542
t=2026-08-23T10:26:57+0530 lvl=info msg="join connections" obj=join id=3d1e2cb1cdca l=[::1]:3000 r=[2409:40f3:1433:4085:2da8:953e:f570:f5d2]:59921
t=2026-08-23T10:26:58+0530 lvl=info msg="join connections" obj=join id=15c3435ca4df l=[::1]:3000 r=[2409:40f3:1433:4085:2da8:953e:f570:f5d2]:59923
t=2026-08-23T10:27:01+0530 lvl=info msg="join connections" obj=join id=294c05d6769e l=[::1]:3000 r=[2409:40f3:1433:4085:f836:e3d7:b043:87f2]:52548
t=2026-08-23T10:27:04+0530 lvl=info msg="join connections" obj=join id=825549f80273 l=[::1]:3000 r=[2409:40f3:1433:4085:2da8:953e:f570:f5d2]:59925
t=2026-08-23T10:27:06+0530 lvl=info msg="join connections" obj=join id=44f3ea6a3adb l=[::1]:3000 r=[2409:40f3:1433:4085:f836:e3d7:b043:87f2]:52016
t=2026-08-23T10:27:06+0530 lvl=info msg="join connections" obj=join id=612517631c9a l=[::1]:3000 r=[2409:40f3:1433:4085:f836:e3d7:b043:87f2]:52553
t=2026-08-23T10:27:06+0530 lvl=info msg="join connections" obj=join id=f3c7b4bde4fa l=[::1]:3000 r=[2409:40f3:1433:4085:f836:e3d7:b043:87f2]:52553
t=2026-08-23T10:27:06+0530 lvl=info msg="join connections" obj=join id=ca6c699749f6 l=[::1]:3000 r=[2409:40f3:1433:4085:f836:e3d7:b043:87f2]:52553
t=2026-08-23T10:27:06+0530 lvl=info msg="join connections" obj=join id=a3f470e666f1 l=[::1]:3000 r=[2409:40f3:1433:4085:f836:e3d7:b043:87f2]:52553
t=2026-08-23T10:27:06+0530 lvl=info msg="join connections" obj=join id=21c7cffa7d3c l=[::1]:3000 r=[2409:40f3:1433:4085:f836:e3d7:b043:87f2]:52553
t=2026-08-23T10:27:06+0530 lvl=info msg="join connections" obj=join id=fdc5ef562825 l=[::1]:3000 r=[2409:40f3:1433:4085:f836:e3d7:b043:87f2]:52553
t=2026-08-23T10:27:06+0530 lvl=info msg="join connections" obj=join id=478c0b45c57e l=[::1]:3000 r=[2409:40f3:1433:4085:f836:e3d7:b043:87f2]:52553
t=2026-08-23T10:27:06+0530 lvl=info msg="join connections" obj=join id=7fc3de2e5073 l=[::1]:3000 r=[2409:40f3:1433:4085:f836:e3d7:b043:87f2]:52553
t=2026-08-23T10:27:06+0530 lvl=info msg="join connections" obj=join id=58119de9d276 l=[::1]:3000 r=[2409:40f3:1433:4085:f836:e3d7:b043:87f2]:52553
t=2026-08-23T10:27:06+0530 lvl=info msg="join connections" obj=join id=91da402fb610 l=[::1]:3000 r=[2409:40f3:1433:4085:f836:e3d7:b043:87f2]:52553
t=2026-08-23T10:27:06+0530 lvl=info msg="join connections" obj=join id=5162b2055ce0 l=[::1]:3000 r=[2409:40f3:1433:4085:f836:e3d7:b043:87f2]:52553
t=2026-08-23T10:27:06+0530 lvl=info msg="join connections" obj=join id=3e5e36be96bd l=[::1]:3000 r=[2409:40f3:1433:4085:f836:e3d7:b043:87f2]:52553
t=2026-08-23T10:27:06+0530 lvl=info msg="join connections" obj=join id=153494424e97 l=[::1]:3000 r=[2409:40f3:1433:4085:f836:e3d7:b043:87f2]:52553
t=2026-08-23T10:27:06+0530 lvl=info msg="join connections" obj=join id=ffa6bf0c8ce3 l=[::1]:3000 r=[2409:40f3:1433:4085:f836:e3d7:b043:87f2]:52553
t=2026-08-23T10:27:06+0530 lvl=info msg="join connections" obj=join id=4f3b4d730273 l=[::1]:3000 r=[2409:40f3:1433:4085:f836:e3d7:b043:87f2]:52553
t=2026-08-23T10:27:06+0530 lvl=info msg="join connections" obj=join id=dec60f9c4611 l=[::1]:3000 r=[2409:40f3:1433:4085:f836:e3d7:b043:87f2]:52553
t=2026-08-23T10:27:06+0530 lvl=info msg="join connections" obj=join id=33efc35c19be l=[::1]:3000 r=[2409:40f3:1433:4085:f836:e3d7:b043:87f2]:52553
t=2026-08-23T10:27:06+0530 lvl=info msg="join connections" obj=join id=32b5e6c15a50 l=[::1]:3000 r=[2409:40f3:1433:4085:f836:e3d7:b043:87f2]:52553
t=2026-08-23T10:27:06+0530 lvl=info msg="join connections" obj=join id=115a5f35f2c8 l=[::1]:3000 r=[2409:40f3:1433:4085:f836:e3d7:b043:87f2]:52553
t=2026-08-23T10:27:06+0530 lvl=info msg="join connections" obj=join id=4fa3cb647138 l=[::1]:3000 r=[2409:40f3:1433:4085:f836:e3d7:b043:87f2]:52553
t=2026-08-23T10:27:06+0530 lvl=info msg="join connections" obj=join id=19bef48bd226 l=[::1]:3000 r=[2409:40f3:1433:4085:f836:e3d7:b043:87f2]:52553
t=2026-08-23T10:27:06+0530 lvl=info msg="join connections" obj=join id=f87ae68aca0c l=[::1]:3000 r=[2409:40f3:1433:4085:f836:e3d7:b043:87f2]:52553
t=2026-08-23T10:27:06+0530 lvl=info msg="join connections" obj=join id=1a2d5b4ddc2f l=[::1]:3000 r=[2409:40f3:1433:4085:f836:e3d7:b043:87f2]:52553
t=2026-08-23T10:27:06+0530 lvl=info msg="join connections" obj=join id=bca3a03d3c8c l=[::1]:3000 r=[2409:40f3:1433:4085:f836:e3d7:b043:87f2]:52553
t=2026-08-23T10:27:06+0530 lvl=info msg="join connections" obj=join id=dc0950db2510 l=[::1]:3000 r=[2409:40f3:1433:4085:f836:e3d7:b043:87f2]:52553
t=2026-08-23T10:27:06+0530 lvl=info msg="join connections" obj=join id=7d8624563b8a l=[::1]:3000 r=[2409:40f3:1433:4085:f836:e3d7:b043:87f2]:52553
t=2026-08-23T10:27:06+0530 lvl=info msg="join connections" obj=join id=cf7e860f7e3b l=[::1]:3000 r=[2409:40f3:1433:4085:f836:e3d7:b043:87f2]:52553
t=2026-08-23T10:27:06+0530 lvl=info msg="join connections" obj=join id=0a2f6156f688 l=[::1]:3000 r=[2409:40f3:1433:4085:f836:e3d7:b043:87f2]:52553
t=2026-08-23T10:27:06+0530 lvl=info msg="join connections" obj=join id=041bcf335918 l=[::1]:3000 r=[2409:40f3:1433:4085:f836:e3d7:b043:87f2]:52553
t=2026-08-23T10:27:06+0530 lvl=info msg="join connections" obj=join id=4b20fd1d5cd1 l=[::1]:3000 r=[2409:40f3:1433:4085:f836:e3d7:b043:87f2]:52553
t=2026-08-23T10:27:06+0530 lvl=info msg="join connections" obj=join id=1afe45c5cc1d l=[::1]:3000 r=[2409:40f3:1433:4085:f836:e3d7:b043:87f2]:52553
t=2026-08-23T10:27:07+0530 lvl=info msg="join connections" obj=join id=7469b96f7d3e l=[::1]:3000 r=[2409:40f3:1433:4085:f836:e3d7:b043:87f2]:52067
t=2026-08-23T10:27:07+0530 lvl=info msg="join connections" obj=join id=1e0ac852b481 l=[::1]:3000 r=[2409:40f3:1433:4085:f836:e3d7:b043:87f2]:52067
t=2026-08-23T10:27:07+0530 lvl=info msg="join connections" obj=join id=209e8a06cbd3 l=[::1]:3000 r=[2409:40f3:1433:4085:f836:e3d7:b043:87f2]:52067
t=2026-08-23T10:27:07+0530 lvl=info msg="join connections" obj=join id=3a8fe0795b48 l=[::1]:3000 r=[2409:40f3:1433:4085:f836:e3d7:b043:87f2]:52067
t=2026-08-23T10:27:07+0530 lvl=info msg="join connections" obj=join id=25c82c20ce9f l=[::1]:3000 r=[2409:40f3:1433:4085:f836:e3d7:b043:87f2]:52067
t=2026-08-23T10:27:07+0530 lvl=info msg="join connections" obj=join id=335d2f508795 l=[::1]:3000 r=[2409:40f3:1433:4085:f836:e3d7:b043:87f2]:52067
t=2026-08-23T10:27:07+0530 lvl=info msg="join connections" obj=join id=dd3a7f826eda l=[::1]:3000 r=[2409:40f3:1433:4085:f836:e3d7:b043:87f2]:52067
t=2026-08-23T10:27:07+0530 lvl=info msg="join connections" obj=join id=f55be283de17 l=[::1]:3000 r=[2409:40f3:1433:4085:f836:e3d7:b043:87f2]:52067
t=2026-08-23T10:27:07+0530 lvl=info msg="join connections" obj=join id=4048b7bcc5bf l=[::1]:3000 r=[2409:40f3:1433:4085:f836:e3d7:b043:87f2]:52067
t=2026-08-23T10:27:07+0530 lvl=info msg="join connections" obj=join id=984ebb36ab1c l=[::1]:3000 r=[2409:40f3:1433:4085:f836:e3d7:b043:87f2]:52067
t=2026-08-23T10:27:07+0530 lvl=info msg="join connections" obj=join id=0481ce219dee l=[::1]:3000 r=[2409:40f3:1433:4085:f836:e3d7:b043:87f2]:52067
t=2026-08-23T10:27:07+0530 lvl=info msg="join connections" obj=join id=057f4d366ceb l=[::1]:3000 r=[2409:40f3:1433:4085:f836:e3d7:b043:87f2]:52067
t=2026-08-23T10:27:07+0530 lvl=info msg="join connections" obj=join id=b759b2d453d5 l=[::1]:3000 r=[2409:40f3:1433:4085:f836:e3d7:b043:87f2]:52067
t=2026-08-23T10:27:07+0530 lvl=info msg="join connections" obj=join id=42707dd1588f l=[::1]:3000 r=[2409:40f3:1433:4085:f836:e3d7:b043:87f2]:52067
t=2026-08-23T10:27:07+0530 lvl=info msg="join connections" obj=join id=e022cca94dd4 l=[::1]:3000 r=[2409:40f3:1433:4085:f836:e3d7:b043:87f2]:52067
t=2026-08-23T10:27:09+0530 lvl=info msg="join connections" obj=join id=ff773801c9fb l=[::1]:3000 r=[2409:40f3:1433:4085:2da8:953e:f570:f5d2]:59927
t=2026-08-23T10:27:12+0530 lvl=info msg="join connections" obj=join id=0a5f46a6c56b l=[::1]:3000 r=[2409:40f3:1433:4085:f836:e3d7:b043:87f2]:52601
t=2026-08-23T10:27:15+0530 lvl=info msg="join connections" obj=join id=4d70be6aea77 l=[::1]:3000 r=[2409:40f3:1433:4085:2da8:953e:f570:f5d2]:59929
t=2026-08-23T10:27:15+0530 lvl=info msg="join connections" obj=join id=a3e458104367 l=[::1]:3000 r=[2409:40f3:1433:4085:f836:e3d7:b043:87f2]:52604
t=2026-08-23T10:27:20+0530 lvl=info msg="join connections" obj=join id=6774bac0c829 l=[::1]:3000 r=[2409:40f3:1433:4085:2da8:953e:f570:f5d2]:59931
t=2026-08-23T10:27:26+0530 lvl=info msg="join connections" obj=join id=c59a4b5597a9 l=[::1]:3000 r=[2409:40f3:1433:4085:2da8:953e:f570:f5d2]:59933
t=2026-08-23T10:27:28+0530 lvl=info msg="join connections" obj=join id=8c2cf784a369 l=[::1]:3000 r=[2409:40f3:1433:4085:f836:e3d7:b043:87f2]:52609
t=2026-08-23T10:27:28+0530 lvl=info msg="join connections" obj=join id=a6c5cee37597 l=[::1]:3000 r=[2409:40f3:1433:4085:2da8:953e:f570:f5d2]:59772
t=2026-08-23T10:27:28+0530 lvl=info msg="join connections" obj=join id=2c4c3d808f10 l=[::1]:3000 r=[2409:40f3:1433:4085:2da8:953e:f570:f5d2]:59772
t=2026-08-23T10:27:28+0530 lvl=info msg="join connections" obj=join id=12aab716af8c l=[::1]:3000 r=[2409:40f3:1433:4085:2da8:953e:f570:f5d2]:59772
t=2026-08-23T10:27:28+0530 lvl=info msg="join connections" obj=join id=affbbad741c4 l=[::1]:3000 r=[2409:40f3:1433:4085:2da8:953e:f570:f5d2]:59772
t=2026-08-23T10:27:28+0530 lvl=info msg="join connections" obj=join id=3c7895215dec l=[::1]:3000 r=[2409:40f3:1433:4085:2da8:953e:f570:f5d2]:59772
t=2026-08-23T10:27:28+0530 lvl=info msg="join connections" obj=join id=3e5a0251e135 l=[::1]:3000 r=[2409:40f3:1433:4085:2da8:953e:f570:f5d2]:59772
t=2026-08-23T10:27:28+0530 lvl=info msg="join connections" obj=join id=930fc9d7b569 l=[::1]:3000 r=[2409:40f3:1433:4085:2da8:953e:f570:f5d2]:59772
t=2026-08-23T10:27:28+0530 lvl=info msg="join connections" obj=join id=e553e7376db6 l=[::1]:3000 r=[2409:40f3:1433:4085:2da8:953e:f570:f5d2]:59772
t=2026-08-23T10:27:28+0530 lvl=info msg="join connections" obj=join id=1d3c9e8f8111 l=[::1]:3000 r=[2409:40f3:1433:4085:2da8:953e:f570:f5d2]:59772
t=2026-08-23T10:27:28+0530 lvl=info msg="join connections" obj=join id=6396172aebe2 l=[::1]:3000 r=[2409:40f3:1433:4085:2da8:953e:f570:f5d2]:59772
t=2026-08-23T10:27:28+0530 lvl=info msg="join connections" obj=join id=7124ca30dfdc l=[::1]:3000 r=[2409:40f3:1433:4085:2da8:953e:f570:f5d2]:59772
t=2026-08-23T10:27:28+0530 lvl=info msg="join connections" obj=join id=5a6181159835 l=[::1]:3000 r=[2409:40f3:1433:4085:2da8:953e:f570:f5d2]:59772
t=2026-08-23T10:27:28+0530 lvl=info msg="join connections" obj=join id=69da7c913f65 l=[::1]:3000 r=[2409:40f3:1433:4085:2da8:953e:f570:f5d2]:59772
t=2026-08-23T10:27:28+0530 lvl=info msg="join connections" obj=join id=42fb83e1fab5 l=[::1]:3000 r=[2409:40f3:1433:4085:2da8:953e:f570:f5d2]:59772
t=2026-08-23T10:27:28+0530 lvl=info msg="join connections" obj=join id=610abe97bd5b l=[::1]:3000 r=[2409:40f3:1433:4085:2da8:953e:f570:f5d2]:59772
t=2026-08-23T10:27:29+0530 lvl=info msg="join connections" obj=join id=73e6ae14dc32 l=[::1]:3000 r=[2409:40f3:1433:4085:2da8:953e:f570:f5d2]:59935
t=2026-08-23T10:27:31+0530 lvl=info msg="join connections" obj=join id=8e3ecc35f973 l=[::1]:3000 r=[2409:40f3:1433:4085:2da8:953e:f570:f5d2]:59937
t=2026-08-23T10:27:33+0530 lvl=info msg="join connections" obj=join id=eb8974b91edb l=[::1]:3000 r=[2409:40f3:1433:4085:f836:e3d7:b043:87f2]:52628
t=2026-08-23T10:27:34+0530 lvl=info msg="join connections" obj=join id=f2ab32689592 l=[::1]:3000 r=[2409:40f3:1433:4085:2da8:953e:f570:f5d2]:59939
t=2026-08-23T10:27:36+0530 lvl=info msg="join connections" obj=join id=6cee07342a9e l=[::1]:3000 r=[2409:40f3:1433:4085:2da8:953e:f570:f5d2]:59941
t=2026-08-23T10:27:39+0530 lvl=info msg="join connections" obj=join id=ee8258d25a64 l=[::1]:3000 r=157.51.212.168:52637
t=2026-08-23T10:27:41+0530 lvl=info msg="join connections" obj=join id=d2b60207bb6e l=[::1]:3000 r=[2409:40f3:1433:4085:2da8:953e:f570:f5d2]:59945
t=2026-08-23T10:27:44+0530 lvl=info msg="join connections" obj=join id=19d556efef07 l=[::1]:3000 r=[2409:40f3:1433:4085:f836:e3d7:b043:87f2]:52640
t=2026-08-23T10:27:46+0530 lvl=info msg="join connections" obj=join id=97f3b187e98f l=[::1]:3000 r=[2409:40f3:1433:4085:2da8:953e:f570:f5d2]:59947
t=2026-08-23T10:27:53+0530 lvl=info msg="join connections" obj=join id=5a3350bc358d l=[::1]:3000 r=[2409:40f3:1433:4085:f836:e3d7:b043:87f2]:52647
t=2026-08-23T10:27:53+0530 lvl=info msg="join connections" obj=join id=48d9940018b6 l=[::1]:3000 r=[2409:40f3:1433:4085:2da8:953e:f570:f5d2]:59949
t=2026-08-23T10:27:54+0530 lvl=info msg="join connections" obj=join id=de2ff517446c l=[::1]:3000 r=[2409:40f3:1433:4085:f836:e3d7:b043:87f2]:52651
t=2026-08-23T10:27:55+0530 lvl=info msg="join connections" obj=join id=1a1d88fd5420 l=[::1]:3000 r=[2409:40f3:1433:4085:f836:e3d7:b043:87f2]:52653
t=2026-08-23T10:27:56+0530 lvl=info msg="join connections" obj=join id=180714ee625f l=[::1]:3000 r=[2409:40f3:1433:4085:f836:e3d7:b043:87f2]:52655
t=2026-08-23T10:27:58+0530 lvl=info msg="join connections" obj=join id=b072578fe12b l=[::1]:3000 r=[2409:40f3:1433:4085:f836:e3d7:b043:87f2]:52657
t=2026-08-23T10:27:58+0530 lvl=info msg="join connections" obj=join id=1b3a8a41f59e l=[::1]:3000 r=[2409:40f3:1433:4085:2da8:953e:f570:f5d2]:59952
t=2026-08-23T10:27:59+0530 lvl=info msg="join connections" obj=join id=e2778257307c l=[::1]:3000 r=[2409:40f3:1433:4085:f836:e3d7:b043:87f2]:52660
t=2026-08-23T10:28:00+0530 lvl=info msg="join connections" obj=join id=5c6e46a2af52 l=[::1]:3000 r=[2409:40f3:1433:4085:f836:e3d7:b043:87f2]:52662
t=2026-08-23T10:28:04+0530 lvl=info msg="join connections" obj=join id=c2a21a00905d l=[::1]:3000 r=[2409:40f3:1433:4085:f836:e3d7:b043:87f2]:52553
t=2026-08-23T10:28:04+0530 lvl=info msg="join connections" obj=join id=fc9252fafe3e l=[::1]:3000 r=[2409:40f3:1433:4085:f836:e3d7:b043:87f2]:52664
t=2026-08-23T10:28:05+0530 lvl=info msg="join connections" obj=join id=000492c643e9 l=[::1]:3000 r=[2409:40f3:1433:4085:2da8:953e:f570:f5d2]:59954
t=2026-08-23T10:28:06+0530 lvl=info msg="join connections" obj=join id=d6d0905f6b82 l=[::1]:3000 r=[2409:40f3:1433:4085:f836:e3d7:b043:87f2]:52553
t=2026-08-23T10:28:06+0530 lvl=info msg="join connections" obj=join id=cd10d69b7ad6 l=[::1]:3000 r=[2409:40f3:1433:4085:f836:e3d7:b043:87f2]:52553
t=2026-08-23T10:28:06+0530 lvl=info msg="join connections" obj=join id=2162eb325b86 l=[::1]:3000 r=[2409:40f3:1433:4085:f836:e3d7:b043:87f2]:52553
t=2026-08-23T10:28:06+0530 lvl=info msg="join connections" obj=join id=dc89ad83cf8a l=[::1]:3000 r=[2409:40f3:1433:4085:f836:e3d7:b043:87f2]:52553
t=2026-08-23T10:28:06+0530 lvl=info msg="join connections" obj=join id=bd6cc69278e9 l=[::1]:3000 r=[2409:40f3:1433:4085:f836:e3d7:b043:87f2]:52553
t=2026-08-23T10:28:06+0530 lvl=info msg="join connections" obj=join id=be57ac0e7fb1 l=[::1]:3000 r=[2409:40f3:1433:4085:f836:e3d7:b043:87f2]:52553
t=2026-08-23T10:28:06+0530 lvl=info msg="join connections" obj=join id=7747fc2498c2 l=[::1]:3000 r=[2409:40f3:1433:4085:f836:e3d7:b043:87f2]:52553
t=2026-08-23T10:28:06+0530 lvl=info msg="join connections" obj=join id=b7ba78cf4626 l=[::1]:3000 r=[2409:40f3:1433:4085:f836:e3d7:b043:87f2]:52553
t=2026-08-23T10:28:06+0530 lvl=info msg="join connections" obj=join id=cd5cffc8cba6 l=[::1]:3000 r=[2409:40f3:1433:4085:f836:e3d7:b043:87f2]:52553
t=2026-08-23T10:28:06+0530 lvl=info msg="join connections" obj=join id=3a261cd1e1c2 l=[::1]:3000 r=[2409:40f3:1433:4085:f836:e3d7:b043:87f2]:52553
t=2026-08-23T10:28:06+0530 lvl=info msg="join connections" obj=join id=bd43515f9e7a l=[::1]:3000 r=[2409:40f3:1433:4085:f836:e3d7:b043:87f2]:52553
t=2026-08-23T10:28:06+0530 lvl=info msg="join connections" obj=join id=4d9733d187ab l=[::1]:3000 r=[2409:40f3:1433:4085:f836:e3d7:b043:87f2]:52553
t=2026-08-23T10:28:06+0530 lvl=info msg="join connections" obj=join id=f358bf21d52b l=[::1]:3000 r=[2409:40f3:1433:4085:f836:e3d7:b043:87f2]:52553
t=2026-08-23T10:28:06+0530 lvl=info msg="join connections" obj=join id=5bf64f90fe33 l=[::1]:3000 r=[2409:40f3:1433:4085:f836:e3d7:b043:87f2]:52553
t=2026-08-23T10:28:06+0530 lvl=info msg="join connections" obj=join id=53e0a5005ccf l=[::1]:3000 r=[2409:40f3:1433:4085:f836:e3d7:b043:87f2]:52553
t=2026-08-23T10:28:06+0530 lvl=info msg="join connections" obj=join id=8c8ae98fba74 l=[::1]:3000 r=[2409:40f3:1433:4085:f836:e3d7:b043:87f2]:52553
t=2026-08-23T10:28:06+0530 lvl=info msg="join connections" obj=join id=d6b95dbea285 l=[::1]:3000 r=[2409:40f3:1433:4085:f836:e3d7:b043:87f2]:52553
t=2026-08-23T10:28:06+0530 lvl=info msg="join connections" obj=join id=2d9d5b59c78a l=[::1]:3000 r=[2409:40f3:1433:4085:f836:e3d7:b043:87f2]:52553
t=2026-08-23T10:28:06+0530 lvl=info msg="join connections" obj=join id=7ead843c564b l=[::1]:3000 r=[2409:40f3:1433:4085:f836:e3d7:b043:87f2]:52553
t=2026-08-23T10:28:06+0530 lvl=info msg="join connections" obj=join id=48901104f5d2 l=[::1]:3000 r=[2409:40f3:1433:4085:f836:e3d7:b043:87f2]:52553
t=2026-08-23T10:28:06+0530 lvl=info msg="join connections" obj=join id=ff144733b6cb l=[::1]:3000 r=[2409:40f3:1433:4085:f836:e3d7:b043:87f2]:52553
t=2026-08-23T10:28:06+0530 lvl=info msg="join connections" obj=join id=5a48b58d14f4 l=[::1]:3000 r=[2409:40f3:1433:4085:f836:e3d7:b043:87f2]:52553
t=2026-08-23T10:28:06+0530 lvl=info msg="join connections" obj=join id=3044b28ef8fb l=[::1]:3000 r=[2409:40f3:1433:4085:f836:e3d7:b043:87f2]:52553
t=2026-08-23T10:28:06+0530 lvl=info msg="join connections" obj=join id=d19b98de2ba4 l=[::1]:3000 r=[2409:40f3:1433:4085:f836:e3d7:b043:87f2]:52553
t=2026-08-23T10:28:06+0530 lvl=info msg="join connections" obj=join id=2bc230c5eb84 l=[::1]:3000 r=[2409:40f3:1433:4085:f836:e3d7:b043:87f2]:52553
t=2026-08-23T10:28:06+0530 lvl=info msg="join connections" obj=join id=7b27e02a6218 l=[::1]:3000 r=[2409:40f3:1433:4085:f836:e3d7:b043:87f2]:52553
t=2026-08-23T10:28:06+0530 lvl=info msg="join connections" obj=join id=bbb795a4ebfd l=[::1]:3000 r=[2409:40f3:1433:4085:f836:e3d7:b043:87f2]:52553
t=2026-08-23T10:28:06+0530 lvl=info msg="join connections" obj=join id=03ceb1ef07a8 l=[::1]:3000 r=[2409:40f3:1433:4085:f836:e3d7:b043:87f2]:52553
t=2026-08-23T10:28:06+0530 lvl=info msg="join connections" obj=join id=fa7af6d0b2f8 l=[::1]:3000 r=[2409:40f3:1433:4085:f836:e3d7:b043:87f2]:52553
t=2026-08-23T10:28:06+0530 lvl=info msg="join connections" obj=join id=e9ec3ebcd6c3 l=[::1]:3000 r=[2409:40f3:1433:4085:f836:e3d7:b043:87f2]:52553
t=2026-08-23T10:28:06+0530 lvl=info msg="join connections" obj=join id=903e132c98c1 l=[::1]:3000 r=[2409:40f3:1433:4085:f836:e3d7:b043:87f2]:52067
t=2026-08-23T10:28:06+0530 lvl=info msg="join connections" obj=join id=df3263d04a3f l=[::1]:3000 r=[2409:40f3:1433:4085:f836:e3d7:b043:87f2]:52067
t=2026-08-23T10:28:06+0530 lvl=info msg="join connections" obj=join id=205c1a53de3f l=[::1]:3000 r=[2409:40f3:1433:4085:f836:e3d7:b043:87f2]:52067
t=2026-08-23T10:28:06+0530 lvl=info msg="join connections" obj=join id=e843da63dd1a l=[::1]:3000 r=[2409:40f3:1433:4085:f836:e3d7:b043:87f2]:52067
t=2026-08-23T10:28:06+0530 lvl=info msg="join connections" obj=join id=41337f271068 l=[::1]:3000 r=[2409:40f3:1433:4085:f836:e3d7:b043:87f2]:52067
t=2026-08-23T10:28:06+0530 lvl=info msg="join connections" obj=join id=8aacbc3d2ef3 l=[::1]:3000 r=[2409:40f3:1433:4085:f836:e3d7:b043:87f2]:52067
t=2026-08-23T10:28:06+0530 lvl=info msg="join connections" obj=join id=402c30cfd09f l=[::1]:3000 r=[2409:40f3:1433:4085:f836:e3d7:b043:87f2]:52067
t=2026-08-23T10:28:06+0530 lvl=info msg="join connections" obj=join id=b3fd0f198058 l=[::1]:3000 r=[2409:40f3:1433:4085:f836:e3d7:b043:87f2]:52067
t=2026-08-23T10:28:06+0530 lvl=info msg="join connections" obj=join id=49510c1069b5 l=[::1]:3000 r=[2409:40f3:1433:4085:f836:e3d7:b043:87f2]:52067
t=2026-08-23T10:28:06+0530 lvl=info msg="join connections" obj=join id=e912ce32c7f4 l=[::1]:3000 r=[2409:40f3:1433:4085:f836:e3d7:b043:87f2]:52067
t=2026-08-23T10:28:06+0530 lvl=info msg="join connections" obj=join id=3bf093a686e1 l=[::1]:3000 r=[2409:40f3:1433:4085:f836:e3d7:b043:87f2]:52067
t=2026-08-23T10:28:06+0530 lvl=info msg="join connections" obj=join id=1f3533125ace l=[::1]:3000 r=[2409:40f3:1433:4085:f836:e3d7:b043:87f2]:52067
t=2026-08-23T10:28:06+0530 lvl=info msg="join connections" obj=join id=7b0e25bfb939 l=[::1]:3000 r=[2409:40f3:1433:4085:f836:e3d7:b043:87f2]:52067
t=2026-08-23T10:28:06+0530 lvl=info msg="join connections" obj=join id=b769667438c2 l=[::1]:3000 r=[2409:40f3:1433:4085:f836:e3d7:b043:87f2]:52067
t=2026-08-23T10:28:06+0530 lvl=info msg="join connections" obj=join id=6381fe5d46cd l=[::1]:3000 r=[2409:40f3:1433:4085:f836:e3d7:b043:87f2]:52717
t=2026-08-23T10:28:09+0530 lvl=info msg="join connections" obj=join id=9661ce212f8c l=[::1]:3000 r=[2409:40f3:1433:4085:f836:e3d7:b043:87f2]:52720
t=2026-08-23T10:28:11+0530 lvl=info msg="join connections" obj=join id=a528d1552866 l=[::1]:3000 r=[2409:40f3:1433:4085:2da8:953e:f570:f5d2]:59956
t=2026-08-23T10:28:15+0530 lvl=info msg="join connections" obj=join id=2541130adbd4 l=[::1]:3000 r=[2409:40f3:1433:4085:f836:e3d7:b043:87f2]:52553
t=2026-08-23T10:28:16+0530 lvl=info msg="join connections" obj=join id=5e3ef2bde2cc l=[::1]:3000 r=[2409:40f3:1433:4085:f836:e3d7:b043:87f2]:52553
t=2026-08-23T10:28:16+0530 lvl=info msg="join connections" obj=join id=af96a480a528 l=[::1]:3000 r=[2409:40f3:1433:4085:f836:e3d7:b043:87f2]:52553
t=2026-08-23T10:28:16+0530 lvl=info msg="join connections" obj=join id=c9dbbf0d67bf l=[::1]:3000 r=[2409:40f3:1433:4085:f836:e3d7:b043:87f2]:52553
t=2026-08-23T10:28:16+0530 lvl=info msg="join connections" obj=join id=68253839b819 l=[::1]:3000 r=[2409:40f3:1433:4085:f836:e3d7:b043:87f2]:52553
t=2026-08-23T10:28:16+0530 lvl=info msg="join connections" obj=join id=ee28454a631b l=[::1]:3000 r=[2409:40f3:1433:4085:f836:e3d7:b043:87f2]:52553
t=2026-08-23T10:28:16+0530 lvl=info msg="join connections" obj=join id=1029da2b9575 l=[::1]:3000 r=[2409:40f3:1433:4085:f836:e3d7:b043:87f2]:52553
t=2026-08-23T10:28:16+0530 lvl=info msg="join connections" obj=join id=0b33c422d4a4 l=[::1]:3000 r=[2409:40f3:1433:4085:f836:e3d7:b043:87f2]:52553
t=2026-08-23T10:28:16+0530 lvl=info msg="join connections" obj=join id=36610c150408 l=[::1]:3000 r=[2409:40f3:1433:4085:f836:e3d7:b043:87f2]:52553
t=2026-08-23T10:28:16+0530 lvl=info msg="join connections" obj=join id=930dfeda8288 l=[::1]:3000 r=[2409:40f3:1433:4085:f836:e3d7:b043:87f2]:52553
t=2026-08-23T10:28:16+0530 lvl=info msg="join connections" obj=join id=8325c67eb33d l=[::1]:3000 r=[2409:40f3:1433:4085:f836:e3d7:b043:87f2]:52553
t=2026-08-23T10:28:16+0530 lvl=info msg="join connections" obj=join id=3465b01c1df3 l=[::1]:3000 r=[2409:40f3:1433:4085:f836:e3d7:b043:87f2]:52553
t=2026-08-23T10:28:16+0530 lvl=info msg="join connections" obj=join id=6e80939e5f29 l=[::1]:3000 r=[2409:40f3:1433:4085:f836:e3d7:b043:87f2]:52553
t=2026-08-23T10:28:16+0530 lvl=info msg="join connections" obj=join id=4f7adf9de68e l=[::1]:3000 r=[2409:40f3:1433:4085:f836:e3d7:b043:87f2]:52553
t=2026-08-23T10:28:16+0530 lvl=info msg="join connections" obj=join id=3855bc77a67b l=[::1]:3000 r=[2409:40f3:1433:4085:f836:e3d7:b043:87f2]:52553
t=2026-08-23T10:28:16+0530 lvl=info msg="join connections" obj=join id=101132cabcea l=[::1]:3000 r=[2409:40f3:1433:4085:f836:e3d7:b043:87f2]:52553
t=2026-08-23T10:28:16+0530 lvl=info msg="join connections" obj=join id=d57375a87a5d l=[::1]:3000 r=[2409:40f3:1433:4085:f836:e3d7:b043:87f2]:52553
t=2026-08-23T10:28:16+0530 lvl=info msg="join connections" obj=join id=3b537a04b2e4 l=[::1]:3000 r=[2409:40f3:1433:4085:f836:e3d7:b043:87f2]:52553
t=2026-08-23T10:28:16+0530 lvl=info msg="join connections" obj=join id=f43387c4b5e4 l=[::1]:3000 r=[2409:40f3:1433:4085:f836:e3d7:b043:87f2]:52553
t=2026-08-23T10:28:16+0530 lvl=info msg="join connections" obj=join id=da1d938a6e82 l=[::1]:3000 r=[2409:40f3:1433:4085:f836:e3d7:b043:87f2]:52553
t=2026-08-23T10:28:16+0530 lvl=info msg="join connections" obj=join id=697e791c2989 l=[::1]:3000 r=[2409:40f3:1433:4085:f836:e3d7:b043:87f2]:52553
t=2026-08-23T10:28:16+0530 lvl=info msg="join connections" obj=join id=e73692ed6e46 l=[::1]:3000 r=[2409:40f3:1433:4085:f836:e3d7:b043:87f2]:52553
t=2026-08-23T10:28:16+0530 lvl=info msg="join connections" obj=join id=3847f45174c8 l=[::1]:3000 r=[2409:40f3:1433:4085:f836:e3d7:b043:87f2]:52553
t=2026-08-23T10:28:16+0530 lvl=info msg="join connections" obj=join id=e67a5e020660 l=[::1]:3000 r=[2409:40f3:1433:4085:f836:e3d7:b043:87f2]:52553
t=2026-08-23T10:28:16+0530 lvl=info msg="join connections" obj=join id=d0776783c32a l=[::1]:3000 r=[2409:40f3:1433:4085:f836:e3d7:b043:87f2]:52553
t=2026-08-23T10:28:16+0530 lvl=info msg="join connections" obj=join id=2caca6e17033 l=[::1]:3000 r=[2409:40f3:1433:4085:f836:e3d7:b043:87f2]:52553
t=2026-08-23T10:28:16+0530 lvl=info msg="join connections" obj=join id=3ea40e747720 l=[::1]:3000 r=[2409:40f3:1433:4085:f836:e3d7:b043:87f2]:52553
t=2026-08-23T10:28:16+0530 lvl=info msg="join connections" obj=join id=8ba9bcfc651a l=[::1]:3000 r=[2409:40f3:1433:4085:f836:e3d7:b043:87f2]:52553
t=2026-08-23T10:28:16+0530 lvl=info msg="join connections" obj=join id=ac3166636bff l=[::1]:3000 r=[2409:40f3:1433:4085:f836:e3d7:b043:87f2]:52553
t=2026-08-23T10:28:16+0530 lvl=info msg="join connections" obj=join id=a18a29791975 l=[::1]:3000 r=[2409:40f3:1433:4085:f836:e3d7:b043:87f2]:52553
t=2026-08-23T10:28:16+0530 lvl=info msg="join connections" obj=join id=9fa22c271eb6 l=[::1]:3000 r=[2409:40f3:1433:4085:f836:e3d7:b043:87f2]:52553
t=2026-08-23T10:28:16+0530 lvl=info msg="join connections" obj=join id=2704ad1a14da l=[::1]:3000 r=[2409:40f3:1433:4085:f836:e3d7:b043:87f2]:52067
t=2026-08-23T10:28:16+0530 lvl=info msg="join connections" obj=join id=7c0ebe330217 l=[::1]:3000 r=[2409:40f3:1433:4085:f836:e3d7:b043:87f2]:52067
t=2026-08-23T10:28:16+0530 lvl=info msg="join connections" obj=join id=8f19dac3459a l=[::1]:3000 r=[2409:40f3:1433:4085:f836:e3d7:b043:87f2]:52067
t=2026-08-23T10:28:16+0530 lvl=info msg="join connections" obj=join id=b862b84d8826 l=[::1]:3000 r=[2409:40f3:1433:4085:f836:e3d7:b043:87f2]:52067
t=2026-08-23T10:28:16+0530 lvl=info msg="join connections" obj=join id=105c916b421a l=[::1]:3000 r=[2409:40f3:1433:4085:f836:e3d7:b043:87f2]:52067
t=2026-08-23T10:28:16+0530 lvl=info msg="join connections" obj=join id=3160c6bfaeeb l=[::1]:3000 r=[2409:40f3:1433:4085:f836:e3d7:b043:87f2]:52067
t=2026-08-23T10:28:16+0530 lvl=info msg="join connections" obj=join id=48e6ed4dd678 l=[::1]:3000 r=[2409:40f3:1433:4085:f836:e3d7:b043:87f2]:52067
t=2026-08-23T10:28:16+0530 lvl=info msg="join connections" obj=join id=d099028abda1 l=[::1]:3000 r=[2409:40f3:1433:4085:f836:e3d7:b043:87f2]:52067
t=2026-08-23T10:28:16+0530 lvl=info msg="join connections" obj=join id=3efbda2abf17 l=[::1]:3000 r=[2409:40f3:1433:4085:f836:e3d7:b043:87f2]:52067
t=2026-08-23T10:28:16+0530 lvl=info msg="join connections" obj=join id=fd73a78c4abe l=[::1]:3000 r=[2409:40f3:1433:4085:f836:e3d7:b043:87f2]:52067
t=2026-08-23T10:28:16+0530 lvl=info msg="join connections" obj=join id=999e33ae9d06 l=[::1]:3000 r=[2409:40f3:1433:4085:f836:e3d7:b043:87f2]:52067
t=2026-08-23T10:28:16+0530 lvl=info msg="join connections" obj=join id=061e42b230ed l=[::1]:3000 r=[2409:40f3:1433:4085:f836:e3d7:b043:87f2]:52067
t=2026-08-23T10:28:16+0530 lvl=info msg="join connections" obj=join id=df1d6a12609d l=[::1]:3000 r=[2409:40f3:1433:4085:f836:e3d7:b043:87f2]:52067
t=2026-08-23T10:28:16+0530 lvl=info msg="join connections" obj=join id=5b3ad3de91cd l=[::1]:3000 r=[2409:40f3:1433:4085:f836:e3d7:b043:87f2]:52067
t=2026-08-23T10:28:16+0530 lvl=info msg="join connections" obj=join id=c7a7e36c034e l=[::1]:3000 r=[2409:40f3:1433:4085:f836:e3d7:b043:87f2]:52067
t=2026-08-23T10:28:16+0530 lvl=info msg="join connections" obj=join id=bc5b115fea35 l=[::1]:3000 r=[2409:40f3:1433:4085:f836:e3d7:b043:87f2]:52768
t=2026-08-23T10:28:17+0530 lvl=info msg="join connections" obj=join id=7ab219723b42 l=[::1]:3000 r=[2409:40f3:1433:4085:2da8:953e:f570:f5d2]:59958
t=2026-08-23T10:28:18+0530 lvl=info msg="join connections" obj=join id=4b73be959149 l=[::1]:3000 r=[2409:40f3:1433:4085:f836:e3d7:b043:87f2]:52786
t=2026-08-23T10:28:19+0530 lvl=info msg="join connections" obj=join id=47c4bdd3ce44 l=[::1]:3000 r=[2409:40f3:1433:4085:f836:e3d7:b043:87f2]:52788
t=2026-08-23T10:28:20+0530 lvl=info msg="join connections" obj=join id=e1f4364d78c0 l=[::1]:3000 r=[2409:40f3:1433:4085:f836:e3d7:b043:87f2]:52790
t=2026-08-23T10:28:21+0530 lvl=info msg="join connections" obj=join id=cb68dc8956e2 l=[::1]:3000 r=[2409:40f3:1433:4085:f836:e3d7:b043:87f2]:52792
t=2026-08-23T10:28:22+0530 lvl=info msg="join connections" obj=join id=763542b774d7 l=[::1]:3000 r=[2409:40f3:1433:4085:f836:e3d7:b043:87f2]:52553
t=2026-08-23T10:28:22+0530 lvl=info msg="join connections" obj=join id=5c8f97599ec4 l=[::1]:3000 r=[2409:40f3:1433:4085:f836:e3d7:b043:87f2]:52553
t=2026-08-23T10:28:22+0530 lvl=info msg="join connections" obj=join id=0ad4ee552589 l=[::1]:3000 r=[2409:40f3:1433:4085:f836:e3d7:b043:87f2]:52553
t=2026-08-23T10:28:22+0530 lvl=info msg="join connections" obj=join id=cb89962a1074 l=[::1]:3000 r=[2409:40f3:1433:4085:f836:e3d7:b043:87f2]:52553
t=2026-08-23T10:28:22+0530 lvl=info msg="join connections" obj=join id=d06a89465031 l=[::1]:3000 r=[2409:40f3:1433:4085:f836:e3d7:b043:87f2]:52553
t=2026-08-23T10:28:22+0530 lvl=info msg="join connections" obj=join id=9294a4dbc7f3 l=[::1]:3000 r=[2409:40f3:1433:4085:f836:e3d7:b043:87f2]:52553
t=2026-08-23T10:28:22+0530 lvl=info msg="join connections" obj=join id=b6c3a4e31de4 l=[::1]:3000 r=[2409:40f3:1433:4085:f836:e3d7:b043:87f2]:52553
t=2026-08-23T10:28:22+0530 lvl=info msg="join connections" obj=join id=482f9864b57c l=[::1]:3000 r=[2409:40f3:1433:4085:f836:e3d7:b043:87f2]:52553
t=2026-08-23T10:28:22+0530 lvl=info msg="join connections" obj=join id=53ef7a276a96 l=[::1]:3000 r=[2409:40f3:1433:4085:f836:e3d7:b043:87f2]:52553
t=2026-08-23T10:28:22+0530 lvl=info msg="join connections" obj=join id=ac4e250503d2 l=[::1]:3000 r=[2409:40f3:1433:4085:f836:e3d7:b043:87f2]:52553
t=2026-08-23T10:28:22+0530 lvl=info msg="join connections" obj=join id=6fa0ee24b3ff l=[::1]:3000 r=[2409:40f3:1433:4085:f836:e3d7:b043:87f2]:52553
t=2026-08-23T10:28:22+0530 lvl=info msg="join connections" obj=join id=b1902cc87ae8 l=[::1]:3000 r=[2409:40f3:1433:4085:f836:e3d7:b043:87f2]:52553
t=2026-08-23T10:28:22+0530 lvl=info msg="join connections" obj=join id=9d9680b639f9 l=[::1]:3000 r=[2409:40f3:1433:4085:f836:e3d7:b043:87f2]:52553
t=2026-08-23T10:28:22+0530 lvl=info msg="join connections" obj=join id=8a7682e8d73d l=[::1]:3000 r=[2409:40f3:1433:4085:f836:e3d7:b043:87f2]:52553
t=2026-08-23T10:28:22+0530 lvl=info msg="join connections" obj=join id=1d41441ff410 l=[::1]:3000 r=[2409:40f3:1433:4085:f836:e3d7:b043:87f2]:52553
t=2026-08-23T10:28:22+0530 lvl=info msg="join connections" obj=join id=fcd88ffe575f l=[::1]:3000 r=[2409:40f3:1433:4085:f836:e3d7:b043:87f2]:52553
t=2026-08-23T10:28:22+0530 lvl=info msg="join connections" obj=join id=98cf1d2f8519 l=[::1]:3000 r=[2409:40f3:1433:4085:f836:e3d7:b043:87f2]:52553
t=2026-08-23T10:28:22+0530 lvl=info msg="join connections" obj=join id=309999aaa594 l=[::1]:3000 r=[2409:40f3:1433:4085:f836:e3d7:b043:87f2]:52553
t=2026-08-23T10:28:22+0530 lvl=info msg="join connections" obj=join id=3b0850304101 l=[::1]:3000 r=[2409:40f3:1433:4085:f836:e3d7:b043:87f2]:52553
t=2026-08-23T10:28:22+0530 lvl=info msg="join connections" obj=join id=f10ad9c4944f l=[::1]:3000 r=[2409:40f3:1433:4085:f836:e3d7:b043:87f2]:52553
t=2026-08-23T10:28:22+0530 lvl=info msg="join connections" obj=join id=272c33d02501 l=[::1]:3000 r=[2409:40f3:1433:4085:f836:e3d7:b043:87f2]:52553
t=2026-08-23T10:28:22+0530 lvl=info msg="join connections" obj=join id=2032fcb8815d l=[::1]:3000 r=[2409:40f3:1433:4085:f836:e3d7:b043:87f2]:52553
t=2026-08-23T10:28:22+0530 lvl=info msg="join connections" obj=join id=2ded519a043d l=[::1]:3000 r=[2409:40f3:1433:4085:f836:e3d7:b043:87f2]:52553
t=2026-08-23T10:28:22+0530 lvl=info msg="join connections" obj=join id=6c09dcbda3ea l=[::1]:3000 r=[2409:40f3:1433:4085:f836:e3d7:b043:87f2]:52553
t=2026-08-23T10:28:22+0530 lvl=info msg="join connections" obj=join id=5069bbd9ed0e l=[::1]:3000 r=[2409:40f3:1433:4085:f836:e3d7:b043:87f2]:52553
t=2026-08-23T10:28:22+0530 lvl=info msg="join connections" obj=join id=68b6b3d7b2e6 l=[::1]:3000 r=[2409:40f3:1433:4085:f836:e3d7:b043:87f2]:52553
t=2026-08-23T10:28:22+0530 lvl=info msg="join connections" obj=join id=0837cc580806 l=[::1]:3000 r=[2409:40f3:1433:4085:f836:e3d7:b043:87f2]:52553
t=2026-08-23T10:28:22+0530 lvl=info msg="join connections" obj=join id=148401d43838 l=[::1]:3000 r=[2409:40f3:1433:4085:f836:e3d7:b043:87f2]:52553
t=2026-08-23T10:28:22+0530 lvl=info msg="join connections" obj=join id=59dd9f71c120 l=[::1]:3000 r=[2409:40f3:1433:4085:f836:e3d7:b043:87f2]:52553
t=2026-08-23T10:28:22+0530 lvl=info msg="join connections" obj=join id=ed86b88eb106 l=[::1]:3000 r=[2409:40f3:1433:4085:f836:e3d7:b043:87f2]:52553
t=2026-08-23T10:28:22+0530 lvl=info msg="join connections" obj=join id=3d5f9a4559d3 l=[::1]:3000 r=[2409:40f3:1433:4085:2da8:953e:f570:f5d2]:59960
t=2026-08-23T10:28:22+0530 lvl=info msg="join connections" obj=join id=3a5490f6c49b l=[::1]:3000 r=[2409:40f3:1433:4085:f836:e3d7:b043:87f2]:52067
t=2026-08-23T10:28:22+0530 lvl=info msg="join connections" obj=join id=09c13239e69c l=[::1]:3000 r=[2409:40f3:1433:4085:f836:e3d7:b043:87f2]:52067
t=2026-08-23T10:28:22+0530 lvl=info msg="join connections" obj=join id=d9c2c500dbc2 l=[::1]:3000 r=[2409:40f3:1433:4085:f836:e3d7:b043:87f2]:52067
t=2026-08-23T10:28:22+0530 lvl=info msg="join connections" obj=join id=a5aa2e5885e9 l=[::1]:3000 r=[2409:40f3:1433:4085:f836:e3d7:b043:87f2]:52067
t=2026-08-23T10:28:22+0530 lvl=info msg="join connections" obj=join id=a85eea12a6ac l=[::1]:3000 r=[2409:40f3:1433:4085:f836:e3d7:b043:87f2]:52067
t=2026-08-23T10:28:22+0530 lvl=info msg="join connections" obj=join id=4bbcb7db0730 l=[::1]:3000 r=[2409:40f3:1433:4085:f836:e3d7:b043:87f2]:52067
t=2026-08-23T10:28:22+0530 lvl=info msg="join connections" obj=join id=aa2c532ac160 l=[::1]:3000 r=[2409:40f3:1433:4085:f836:e3d7:b043:87f2]:52067
t=2026-08-23T10:28:22+0530 lvl=info msg="join connections" obj=join id=153f80c827a0 l=[::1]:3000 r=[2409:40f3:1433:4085:f836:e3d7:b043:87f2]:52067
t=2026-08-23T10:28:22+0530 lvl=info msg="join connections" obj=join id=8d4b06fd43e1 l=[::1]:3000 r=[2409:40f3:1433:4085:f836:e3d7:b043:87f2]:52067
t=2026-08-23T10:28:22+0530 lvl=info msg="join connections" obj=join id=8665cef0ae8f l=[::1]:3000 r=[2409:40f3:1433:4085:f836:e3d7:b043:87f2]:52067
t=2026-08-23T10:28:22+0530 lvl=info msg="join connections" obj=join id=c5b9878f047f l=[::1]:3000 r=[2409:40f3:1433:4085:f836:e3d7:b043:87f2]:52067
t=2026-08-23T10:28:22+0530 lvl=info msg="join connections" obj=join id=f9d8d90a472e l=[::1]:3000 r=[2409:40f3:1433:4085:f836:e3d7:b043:87f2]:52067
t=2026-08-23T10:28:22+0530 lvl=info msg="join connections" obj=join id=fc42521a351a l=[::1]:3000 r=[2409:40f3:1433:4085:f836:e3d7:b043:87f2]:52067
t=2026-08-23T10:28:22+0530 lvl=info msg="join connections" obj=join id=5d7b0bbb8f3a l=[::1]:3000 r=[2409:40f3:1433:4085:f836:e3d7:b043:87f2]:52067
t=2026-08-23T10:28:22+0530 lvl=info msg="join connections" obj=join id=287a83c681b6 l=[::1]:3000 r=[2409:40f3:1433:4085:f836:e3d7:b043:87f2]:52825
t=2026-08-23T10:28:22+0530 lvl=info msg="join connections" obj=join id=e322396c9503 l=[::1]:3000 r=[2409:40f3:1433:4085:2da8:953e:f570:f5d2]:59772
t=2026-08-23T10:28:23+0530 lvl=info msg="join connections" obj=join id=82bd5858fdda l=[::1]:3000 r=[2409:40f3:1433:4085:f836:e3d7:b043:87f2]:52553
t=2026-08-23T10:28:23+0530 lvl=info msg="join connections" obj=join id=2cfb9b46708d l=[::1]:3000 r=[2409:40f3:1433:4085:2da8:953e:f570:f5d2]:59772
t=2026-08-23T10:28:23+0530 lvl=info msg="join connections" obj=join id=93a43431567f l=[::1]:3000 r=[2409:40f3:1433:4085:2da8:953e:f570:f5d2]:59772
t=2026-08-23T10:28:23+0530 lvl=info msg="join connections" obj=join id=74b1e43baa6b l=[::1]:3000 r=[2409:40f3:1433:4085:2da8:953e:f570:f5d2]:59772
t=2026-08-23T10:28:23+0530 lvl=info msg="join connections" obj=join id=29cb587d9e3f l=[::1]:3000 r=[2409:40f3:1433:4085:2da8:953e:f570:f5d2]:59772
t=2026-08-23T10:28:23+0530 lvl=info msg="join connections" obj=join id=7b5ef4849e8e l=[::1]:3000 r=[2409:40f3:1433:4085:2da8:953e:f570:f5d2]:59772
t=2026-08-23T10:28:23+0530 lvl=info msg="join connections" obj=join id=820802f2edb3 l=[::1]:3000 r=[2409:40f3:1433:4085:2da8:953e:f570:f5d2]:59772
t=2026-08-23T10:28:23+0530 lvl=info msg="join connections" obj=join id=214059c20944 l=[::1]:3000 r=[2409:40f3:1433:4085:2da8:953e:f570:f5d2]:59772
t=2026-08-23T10:28:23+0530 lvl=info msg="join connections" obj=join id=91f813b55fc7 l=[::1]:3000 r=[2409:40f3:1433:4085:2da8:953e:f570:f5d2]:59772
t=2026-08-23T10:28:23+0530 lvl=info msg="join connections" obj=join id=134588a25218 l=[::1]:3000 r=[2409:40f3:1433:4085:2da8:953e:f570:f5d2]:59772
t=2026-08-23T10:28:23+0530 lvl=info msg="join connections" obj=join id=0babe508b3a3 l=[::1]:3000 r=[2409:40f3:1433:4085:2da8:953e:f570:f5d2]:59772
t=2026-08-23T10:28:23+0530 lvl=info msg="join connections" obj=join id=ce5ceb511c24 l=[::1]:3000 r=[2409:40f3:1433:4085:2da8:953e:f570:f5d2]:59772
t=2026-08-23T10:28:23+0530 lvl=info msg="join connections" obj=join id=226a590d5388 l=[::1]:3000 r=[2409:40f3:1433:4085:2da8:953e:f570:f5d2]:59772
t=2026-08-23T10:28:23+0530 lvl=info msg="join connections" obj=join id=16c56e1455c8 l=[::1]:3000 r=[2409:40f3:1433:4085:2da8:953e:f570:f5d2]:59772
t=2026-08-23T10:28:23+0530 lvl=info msg="join connections" obj=join id=5265ff134cf4 l=[::1]:3000 r=[2409:40f3:1433:4085:2da8:953e:f570:f5d2]:59772
t=2026-08-23T10:28:23+0530 lvl=info msg="join connections" obj=join id=dd68ba2d51fb l=[::1]:3000 r=[2409:40f3:1433:4085:2da8:953e:f570:f5d2]:59962
t=2026-08-23T10:28:24+0530 lvl=info msg="join connections" obj=join id=6f331edc7878 l=[::1]:3000 r=[2409:40f3:1433:4085:f836:e3d7:b043:87f2]:52858
t=2026-08-23T10:28:25+0530 lvl=info msg="join connections" obj=join id=360504b183fa l=[::1]:3000 r=[2409:40f3:1433:4085:2da8:953e:f570:f5d2]:59964
t=2026-08-23T10:28:25+0530 lvl=info msg="join connections" obj=join id=d74d665fe28d l=[::1]:3000 r=[2409:40f3:1433:4085:f836:e3d7:b043:87f2]:52860
t=2026-08-23T10:28:26+0530 lvl=info msg="join connections" obj=join id=3b779cc482f1 l=[::1]:3000 r=[2409:40f3:1433:4085:2da8:953e:f570:f5d2]:59966
t=2026-08-23T10:28:28+0530 lvl=info msg="join connections" obj=join id=bdd9037ffb33 l=[::1]:3000 r=[2409:40f3:1433:4085:2da8:953e:f570:f5d2]:59968
t=2026-08-23T10:28:29+0530 lvl=info msg="join connections" obj=join id=605e5192f097 l=[::1]:3000 r=[2409:40f3:1433:4085:2da8:953e:f570:f5d2]:59970
t=2026-08-23T10:28:30+0530 lvl=info msg="join connections" obj=join id=75f13c3729d9 l=[::1]:3000 r=[2409:40f3:1433:4085:2da8:953e:f570:f5d2]:59772
t=2026-08-23T10:28:31+0530 lvl=info msg="join connections" obj=join id=ee3b6fc12ba8 l=[::1]:3000 r=[2409:40f3:1433:4085:2da8:953e:f570:f5d2]:59972
t=2026-08-23T10:28:31+0530 lvl=info msg="join connections" obj=join id=5d6d9ae1ba05 l=[::1]:3000 r=[2409:40f3:1433:4085:2da8:953e:f570:f5d2]:59772
t=2026-08-23T10:28:31+0530 lvl=info msg="join connections" obj=join id=1904491f64d5 l=[::1]:3000 r=[2409:40f3:1433:4085:2da8:953e:f570:f5d2]:59772
t=2026-08-23T10:28:31+0530 lvl=info msg="join connections" obj=join id=065b65dbe697 l=[::1]:3000 r=[2409:40f3:1433:4085:2da8:953e:f570:f5d2]:59772
t=2026-08-23T10:28:31+0530 lvl=info msg="join connections" obj=join id=a93051725909 l=[::1]:3000 r=[2409:40f3:1433:4085:2da8:953e:f570:f5d2]:59772
t=2026-08-23T10:28:31+0530 lvl=info msg="join connections" obj=join id=4d91e5606abf l=[::1]:3000 r=[2409:40f3:1433:4085:2da8:953e:f570:f5d2]:59772
t=2026-08-23T10:28:31+0530 lvl=info msg="join connections" obj=join id=28df1d868db1 l=[::1]:3000 r=[2409:40f3:1433:4085:2da8:953e:f570:f5d2]:59772
t=2026-08-23T10:28:31+0530 lvl=info msg="join connections" obj=join id=dc8409a6f674 l=[::1]:3000 r=[2409:40f3:1433:4085:2da8:953e:f570:f5d2]:59772
t=2026-08-23T10:28:31+0530 lvl=info msg="join connections" obj=join id=084aa28770a5 l=[::1]:3000 r=[2409:40f3:1433:4085:2da8:953e:f570:f5d2]:59772
t=2026-08-23T10:28:31+0530 lvl=info msg="join connections" obj=join id=19ac4c16ed4e l=[::1]:3000 r=[2409:40f3:1433:4085:2da8:953e:f570:f5d2]:59772
t=2026-08-23T10:28:31+0530 lvl=info msg="join connections" obj=join id=f33f5f0bc3c8 l=[::1]:3000 r=[2409:40f3:1433:4085:2da8:953e:f570:f5d2]:59772
t=2026-08-23T10:28:31+0530 lvl=info msg="join connections" obj=join id=6b4e646553cd l=[::1]:3000 r=[2409:40f3:1433:4085:2da8:953e:f570:f5d2]:59772
t=2026-08-23T10:28:31+0530 lvl=info msg="join connections" obj=join id=322570f15887 l=[::1]:3000 r=[2409:40f3:1433:4085:2da8:953e:f570:f5d2]:59772
t=2026-08-23T10:28:31+0530 lvl=info msg="join connections" obj=join id=7f2fac17c628 l=[::1]:3000 r=[2409:40f3:1433:4085:2da8:953e:f570:f5d2]:59772
t=2026-08-23T10:28:31+0530 lvl=info msg="join connections" obj=join id=157eda546b65 l=[::1]:3000 r=[2409:40f3:1433:4085:2da8:953e:f570:f5d2]:59772
t=2026-08-23T10:28:31+0530 lvl=info msg="join connections" obj=join id=d0664d182a5a l=[::1]:3000 r=[2409:40f3:1433:4085:2da8:953e:f570:f5d2]:59974
t=2026-08-23T10:28:34+0530 lvl=info msg="join connections" obj=join id=a564e74e7f7b l=[::1]:3000 r=[2409:40f3:1433:4085:2da8:953e:f570:f5d2]:59976
t=2026-08-23T10:28:35+0530 lvl=info msg="join connections" obj=join id=c7edeb300f3f l=[::1]:3000 r=[2409:40f3:1433:4085:2da8:953e:f570:f5d2]:59979
t=2026-08-23T10:49:26+0530 lvl=eror msg="heartbeat timeout, terminating session" obj=tunnels.session obj=csess id=db827eff09f8 clientid=d51a78725b0abe2f03bb346c7e5dae8f
t=2026-08-23T10:49:26+0530 lvl=eror msg="session closed, starting reconnect loop" obj=tunnels.session obj=csess id=7e81020f3ddb err="session closed"
t=2026-08-23T10:49:36+0530 lvl=eror msg="failed to reconnect session" obj=tunnels.session err="failed to dial ngrok server with address \"connect.ngrok-agent.com:443\": dial tcp: lookup connect.ngrok-agent.com: i/o timeout"
t=2026-08-23T10:49:42+0530 lvl=info msg="client session established" obj=tunnels.session
t=2026-08-23T10:49:42+0530 lvl=info msg="tunnel session started" obj=tunnels.session
t=2026-08-23T10:55:47+0530 lvl=eror msg="heartbeat timeout, terminating session" obj=tunnels.session obj=csess id=19495cfcad81 clientid=d51a78725b0abe2f03bb346c7e5dae8f
t=2026-08-23T10:55:47+0530 lvl=eror msg="session closed, starting reconnect loop" obj=tunnels.session obj=csess id=7e81020f3ddb err="session closed"
t=2026-08-23T10:55:57+0530 lvl=eror msg="failed to reconnect session" obj=tunnels.session err="failed to dial ngrok server with address \"connect.ngrok-agent.com:443\": dial tcp: lookup connect.ngrok-agent.com: i/o timeout"
t=2026-08-23T10:56:03+0530 lvl=info msg="client session established" obj=tunnels.session
t=2026-08-23T10:56:03+0530 lvl=info msg="tunnel session started" obj=tunnels.session
t=2026-08-23T11:28:49+0530 lvl=eror msg="heartbeat timeout, terminating session" obj=tunnels.session obj=csess id=7c0bd43052a3 clientid=d51a78725b0abe2f03bb346c7e5dae8f
t=2026-08-23T11:28:49+0530 lvl=eror msg="session closed, starting reconnect loop" obj=tunnels.session obj=csess id=7e81020f3ddb err="session closed"
t=2026-08-23T11:28:54+0530 lvl=info msg="client session established" obj=tunnels.session
t=2026-08-23T11:28:54+0530 lvl=info msg="tunnel session started" obj=tunnels.session
t=2026-08-23T11:32:09+0530 lvl=eror msg="heartbeat timeout, terminating session" obj=tunnels.session obj=csess id=cd56899f9505 clientid=d51a78725b0abe2f03bb346c7e5dae8f
t=2026-08-23T11:32:09+0530 lvl=eror msg="session closed, starting reconnect loop" obj=tunnels.session obj=csess id=7e81020f3ddb err="session closed"
t=2026-08-23T11:32:09+0530 lvl=eror msg="failed to reconnect session" obj=tunnels.session err="failed to dial ngrok server with address \"connect.ngrok-agent.com:443\": dial tcp: lookup connect.ngrok-agent.com: no such host"
t=2026-08-23T11:32:09+0530 lvl=eror msg="failed to reconnect session" obj=tunnels.session err="failed to dial ngrok server with address \"connect.ngrok-agent.com:443\": dial tcp: lookup connect.ngrok-agent.com: no such host"
t=2026-08-23T11:32:10+0530 lvl=eror msg="failed to reconnect session" obj=tunnels.session err="failed to dial ngrok server with address \"connect.ngrok-agent.com:443\": dial tcp: lookup connect.ngrok-agent.com: no such host"
t=2026-08-23T11:32:12+0530 lvl=eror msg="failed to reconnect session" obj=tunnels.session err="failed to dial ngrok server with address \"connect.ngrok-agent.com:443\": dial tcp: lookup connect.ngrok-agent.com: no such host"
t=2026-08-23T11:32:18+0530 lvl=info msg="client session established" obj=tunnels.session
t=2026-08-23T11:32:18+0530 lvl=info msg="tunnel session started" obj=tunnels.session
t=2026-08-23T12:03:01+0530 lvl=info msg="join connections" obj=join id=71e48f61dc22 l=[::1]:3000 r=[2409:40f3:1009:1e60:7806:a0ce:a02a:2c60]:56934
t=2026-08-23T12:03:01+0530 lvl=info msg="join connections" obj=join id=efe287472721 l=[::1]:3000 r=[2409:40f3:1009:1e60:7806:a0ce:a02a:2c60]:56938
t=2026-08-23T12:03:02+0530 lvl=info msg="join connections" obj=join id=4306736add2e l=[::1]:3000 r=[2409:40f3:1009:1e60:7806:a0ce:a02a:2c60]:56939
t=2026-08-23T12:03:03+0530 lvl=info msg="join connections" obj=join id=70a45eb88b88 l=[::1]:3000 r=[2409:40f3:1009:1e60:7806:a0ce:a02a:2c60]:56941
t=2026-08-23T12:03:03+0530 lvl=info msg="join connections" obj=join id=3430c20172f2 l=[::1]:3000 r=[2409:40f3:1009:1e60:7806:a0ce:a02a:2c60]:56943
t=2026-08-23T12:03:03+0530 lvl=info msg="join connections" obj=join id=8464d2e3aa62 l=[::1]:3000 r=[2409:40f3:1009:1e60:7806:a0ce:a02a:2c60]:56941
t=2026-08-23T12:03:03+0530 lvl=info msg="join connections" obj=join id=7fb0e93c749c l=[::1]:3000 r=[2409:40f3:1009:1e60:7806:a0ce:a02a:2c60]:56941
t=2026-08-23T12:03:03+0530 lvl=info msg="join connections" obj=join id=2f956acc272d l=[::1]:3000 r=[2409:40f3:1009:1e60:7806:a0ce:a02a:2c60]:56941
t=2026-08-23T12:03:03+0530 lvl=info msg="join connections" obj=join id=189c5b22168a l=[::1]:3000 r=[2409:40f3:1009:1e60:7806:a0ce:a02a:2c60]:56941
t=2026-08-23T12:03:03+0530 lvl=info msg="join connections" obj=join id=b1bc4467acc0 l=[::1]:3000 r=[2409:40f3:1009:1e60:7806:a0ce:a02a:2c60]:56941
t=2026-08-23T12:03:03+0530 lvl=info msg="join connections" obj=join id=4b1f92fc0dd4 l=[::1]:3000 r=[2409:40f3:1009:1e60:7806:a0ce:a02a:2c60]:56941
t=2026-08-23T12:03:03+0530 lvl=info msg="join connections" obj=join id=c31b99129a41 l=[::1]:3000 r=[2409:40f3:1009:1e60:7806:a0ce:a02a:2c60]:56941
t=2026-08-23T12:03:03+0530 lvl=info msg="join connections" obj=join id=7d9d88dae4ca l=[::1]:3000 r=[2409:40f3:1009:1e60:7806:a0ce:a02a:2c60]:56941
t=2026-08-23T12:03:03+0530 lvl=info msg="join connections" obj=join id=d3f37e0d6753 l=[::1]:3000 r=[2409:40f3:1009:1e60:7806:a0ce:a02a:2c60]:56941
t=2026-08-23T12:03:03+0530 lvl=info msg="join connections" obj=join id=5bf4ec4562d9 l=[::1]:3000 r=[2409:40f3:1009:1e60:7806:a0ce:a02a:2c60]:56941
t=2026-08-23T12:03:03+0530 lvl=info msg="join connections" obj=join id=937ce2e22b73 l=[::1]:3000 r=[2409:40f3:1009:1e60:7806:a0ce:a02a:2c60]:56941
t=2026-08-23T12:03:03+0530 lvl=info msg="join connections" obj=join id=33b5efe76d91 l=[::1]:3000 r=[2409:40f3:1009:1e60:7806:a0ce:a02a:2c60]:56941
t=2026-08-23T12:03:03+0530 lvl=info msg="join connections" obj=join id=187558c7244a l=[::1]:3000 r=[2409:40f3:1009:1e60:7806:a0ce:a02a:2c60]:56941
t=2026-08-23T12:03:03+0530 lvl=info msg="join connections" obj=join id=f2ac8dfa33a8 l=[::1]:3000 r=[2409:40f3:1009:1e60:7806:a0ce:a02a:2c60]:56941
t=2026-08-23T12:03:03+0530 lvl=info msg="join connections" obj=join id=f12cfe9f5f34 l=[::1]:3000 r=[2409:40f3:1009:1e60:7806:a0ce:a02a:2c60]:56946
t=2026-08-23T12:03:03+0530 lvl=info msg="join connections" obj=join id=e77f70855369 l=[::1]:3000 r=[2409:40f3:1009:1e60:7806:a0ce:a02a:2c60]:56947
t=2026-08-23T12:03:03+0530 lvl=info msg="join connections" obj=join id=00e7e673d7b7 l=[::1]:3000 r=[2409:40f3:1009:1e60:7806:a0ce:a02a:2c60]:56949
t=2026-08-23T12:03:07+0530 lvl=info msg="join connections" obj=join id=24fcd0290e93 l=[::1]:3000 r=[2409:40f3:1009:1e60:7806:a0ce:a02a:2c60]:56941
t=2026-08-23T12:03:07+0530 lvl=info msg="join connections" obj=join id=3a59b25f4a54 l=[::1]:3000 r=[2409:40f3:1009:1e60:7806:a0ce:a02a:2c60]:56952
t=2026-08-23T12:03:10+0530 lvl=info msg="join connections" obj=join id=a507c7f8c406 l=[::1]:3000 r=[2409:40f3:1009:1e60:7806:a0ce:a02a:2c60]:56956
t=2026-08-23T12:03:12+0530 lvl=info msg="join connections" obj=join id=92a8af43dd46 l=[::1]:3000 r=[2409:40f3:1009:1e60:7806:a0ce:a02a:2c60]:56965
t=2026-08-23T12:03:17+0530 lvl=info msg="join connections" obj=join id=457e0f9c0cbf l=[::1]:3000 r=[2409:40f3:1009:1e60:7806:a0ce:a02a:2c60]:56973
t=2026-08-23T12:03:17+0530 lvl=info msg="join connections" obj=join id=bcf6588e5ca7 l=[::1]:3000 r=[2409:40f3:1009:1e60:7806:a0ce:a02a:2c60]:56975
t=2026-08-23T12:03:18+0530 lvl=info msg="join connections" obj=join id=6317f3d66b68 l=[::1]:3000 r=[2409:40f3:1009:1e60:7806:a0ce:a02a:2c60]:56977
t=2026-08-23T12:03:20+0530 lvl=info msg="join connections" obj=join id=8bba04cd7bed l=[::1]:3000 r=[2409:40f3:1009:1e60:7806:a0ce:a02a:2c60]:56979
t=2026-08-23T12:03:21+0530 lvl=info msg="join connections" obj=join id=2d04b5be2fe8 l=[::1]:3000 r=[2409:40f3:1009:1e60:7806:a0ce:a02a:2c60]:56981
